symbol,segment,exposure_group,name
MU,equity,,
SPY,equity_index,SP500,
QQQ,equity_index,NDX,
NVDA,equity,,
SNDK,equity,,
TSLA,equity,,
AAPL,equity,,
AMD,equity,,
MSFT,equity,,
INTC,equity,,
SOXL,equity,,
AMZN,equity,,
GOOGL,equity,,
META,equity,,
AVGO,equity,,
GOOG,equity,,
IWM,equity_index,RUSSELL,
SMH,equity,,
MRVL,equity,,
SOXX,equity,,
TSM,equity,,
PLTR,equity,,
TQQQ,equity,,
ORCL,equity,,
AMAT,equity,,
VOO,equity,SP500,
LITE,equity,,
WDC,equity,,
STX,equity,,
NBIS,equity,,
QCOM,equity,,
EWY,equity,,
IVV,equity,SP500,
LRCX,equity,,
DRAM,equity,,
LLY,equity,,
BE,equity,,
NFLX,equity,,
SOXS,equity,,
LQD,credit,,
DELL,equity,,
CSCO,equity,,
GEV,equity,,
JPM,equity,,
CAT,equity,,
V,equity,,
WMT,equity,,
APP,equity,,
GLD,commodity,GOLD,
NOW,equity,,
ARM,equity,,
KLAC,equity,,
SQQQ,equity,,
HYG,credit,USHY,
UNH,equity,,
CRWV,equity,,
GLW,equity,,
TXN,equity,,
DIA,equity,DOW,
RKLB,equity,,
CRM,equity,,
BRK-B,equity,,
XOM,equity,,
GS,equity,,
IBM,equity,,
HOOD,equity,,
TLT,rates,USRATES_LONG,
PANW,equity,,
XLK,equity,,
MSTR,equity,,
COST,equity,,
IREN,equity,,
MUU,equity,,
COHR,equity,,
RSP,equity,,
SGOV,equity,,
ALAB,equity,,
JNJ,equity,,
XLE,equity,,
BAC,equity,,
CRWD,equity,,
XLF,equity,,
ADI,equity,,
BITO,equity,,
EEM,equity_index,,
MA,equity,,
VRT,equity,,
AAOI,equity,,
GDX,equity,,
CRDO,equity,,
ASTS,equity,,
XLV,equity,,
CVX,equity,,
IGV,equity,,
C,equity,,
AAL,equity,,
HD,equity,,
GE,equity,,
IBIT,equity,,
SNOW,equity,,
SNXX,equity,,
BA,equity,,
ANET,equity,,
TER,equity,,
INTU,equity,,
SMCI,equity,,
BABA,equity,,
COIN,equity,,
KO,equity,,
UBER,equity,,
SOFI,equity,,
APH,equity,,
XLI,equity,,
ABBV,equity,,
EFA,equity_index,,
NOK,equity,,
ADBE,equity,,
T,equity,,
BKNG,equity,,
XBI,equity,,
WFC,equity,,
PG,equity,,
MPWR,equity,,
IONQ,equity,,
MCD,equity,,
PEP,equity,,
VTI,equity,,
MS,equity,,
DDOG,equity,,
NXPI,equity,,
ON,equity,,
QQQM,equity,,
LIN,equity,,
MRK,equity,,
VZ,equity,,
TMO,equity,,
ISRG,equity,,
ABT,equity,,
KRE,equity,,
SLV,commodity,SILVER,
SHOP,equity,,
MCHP,equity,,
CIEN,equity,,
TZA,equity,,
PFE,equity,,
XLP,equity,,
DIS,equity,,
RTX,equity,,
NEE,equity,,
ACN,equity,,
HON,equity,,
AXP,equity,,
ETN,equity,,
SPYM,equity,,
TMUS,equity,,
AZO,equity,,
CRCL,equity,,
SCHW,equity,,
IEMG,equity,,
HPE,equity,,
GILD,equity,,
NKE,equity,,
PM,equity,,
CEG,equity,,
FCX,equity,,
BSX,equity,,
XLY,equity,,
IEFA,equity,,
MCK,equity,,
SPGI,equity,,
AMGN,equity,,
TJX,equity,,
XLU,equity,,
COF,equity,,
BIL,rates,,
SYK,equity,,
SPOT,equity,,
AXTI,equity,,
FXI,equity,,
USO,commodity,CRUDE,
NET,equity,,
FIX,equity,,
CMCSA,equity,,
SNPS,equity,,
MELI,equity,,
FTNT,equity,,
DHR,equity,,
NU,equity,,
TSLL,equity,,
CME,equity,,
NEM,equity,,
F,equity,,
FLEX,equity,,
CVS,equity,,
UNP,equity,,
VLO,equity,,
COP,equity,,
AGG,credit,USAGG,
DASH,equity,,
CDNS,equity,,
PWR,equity,,
BLK,equity,,
RDDT,equity,,
SHW,equity,,
CLS,equity,,
SBUX,equity,,
EWZ,equity,,
MDT,equity,,
APLD,equity,,
KORU,equity,,
VEA,equity,,
VST,equity,,
DE,equity,,
ECHO,equity,,
WELL,equity,,
VCIT,equity,,
RCL,equity,,
SCHD,equity,,
WULF,equity,,
PYPL,equity,,
XLC,equity,,
SLB,equity,,
BMY,equity,,
CVNA,equity,,
ROST,equity,,
LOW,equity,,
PDD,equity,,
VUG,equity,,
VRTX,equity,,
HWM,equity,,
REGN,equity,,
CMI,equity,,
HCA,equity,,
AEP,equity,,
EWT,equity,,
ONDS,equity,,
GM,equity,,
PH,equity,,
ORLY,equity,,
MPC,equity,,
ADP,equity,,
WDAY,equity,,
GDXJ,equity,,
ICE,equity,,
LMT,equity,,
BMNR,equity,,
ELV,equity,,
PGR,equity,,
SHEL,equity,,
CSX,equity,,
TT,equity,,
MAR,equity,,
EMB,credit,,
TGT,equity,,
CMG,equity,,
KWEB,equity,,
PATH,equity,,
CCL,equity,,
CIFR,equity,,
DAL,equity,,
BX,equity,,
EQIX,equity,,
VTV,equity,,
XLB,equity,,
VGT,equity,,
IYR,equity,,
AMT,equity,,
MTSI,equity,,
TRV,equity,,
BND,credit,USAGG,
HLT,equity,,
UAL,equity,,
MARA,equity,,
DVN,equity,,
FDX,equity,,
CB,equity,,
MO,equity,,
IEF,rates,USRATES_MID,
XOP,equity,,
UPS,equity,,
HUM,equity,,
MMM,equity,,
JCI,equity,,
NVO,equity,,
MDB,equity,,
WBD,equity,,
AKAM,equity,,
IWF,equity,,
MDLZ,equity,,
IJR,equity,,
ZTS,equity,,
PLD,equity,,
OKLO,equity,,
STRL,equity,,
NVDL,equity,,
SO,equity,,
TTWO,equity,,
RGTI,equity,,
URI,equity,,
TEL,equity,,
OXY,equity,,
ABNB,equity,,
MTUM,equity,,
IJH,equity,,
MNST,equity,,
FSLR,equity,,
LNG,equity,,
QBTS,equity,,
CAH,equity,,
SAP,equity,,
USB,equity,,
BNY,equity,,
TDG,equity,,
CDE,equity,,
AXON,equity,,
AON,equity,,
SPXL,equity,,
DLR,equity,,
FN,equity,,
PSX,equity,,
ADSK,equity,,
ARKK,equity,,
HUT,equity,,
WM,equity,,
HIMS,equity,,
WMB,equity,,
DOCN,equity,,
NOC,equity,,
KEYS,equity,,
VXUS,equity,,
EWJ,equity,,
RBLX,equity,,
APO,equity,,
ACWI,equity,,
CTSH,equity,,
BKR,equity,,
RIVN,equity,,
VWO,equity,,
PNC,equity,,
NVTS,equity,,
EBAY,equity,,
NTAP,equity,,
CRH,equity,,
ZS,equity,,
XRT,equity,,
MCO,equity,,
DUK,equity,,
CL,equity,,
KR,equity,,
MSI,equity,,
EOG,equity,,
CI,equity,,
B,equity,,
COR,equity,,
KMB,equity,,
MDY,equity,,
VT,equity,,
TSEM,equity,,
SMTC,equity,,
TWLO,equity,,
ENTG,equity,,
MRSH,equity,,
IBKR,equity,,
CTAS,equity,,
GD,equity,,
AEM,equity,,
QLD,equity,,
IAU,equity,GOLD,
ETHA,equity,,
XEL,equity,,
HL,equity,,
EMR,equity,,
MKSI,equity,,
HAL,equity,,
RIOT,equity,,
XYZ,equity,,
EW,equity,,
ECL,equity,,
HPQ,equity,,
TFC,equity,,
FANG,equity,,
FIG,equity,,
JEPQ,equity,,
ASX,equity,,
TEAM,equity,,
RKT,equity,,
IWD,equity,,
JBL,equity,,
KDP,equity,,
HBAN,equity,,
KKR,equity,,
CHTR,equity,,
CARR,equity,,
DXCM,equity,,
AZN,equity,,
TTMI,equity,,
MTZ,equity,,
OKTA,equity,,
EXC,equity,,
SE,equity,,
ODFL,equity,,
RDW,equity,,
SPG,equity,,
EXPE,equity,,
AMKR,equity,,
AJG,equity,,
GWW,equity,,
SPDN,equity,,
D,equity,,
LHX,equity,,
LYV,equity,,
PCAR,equity,,
MSCI,equity,,
ALL,equity,,
JOBY,equity,,
ROKU,equity,,
CBOE,equity,,
TTD,equity,,
CPNG,equity,,
MUB,equity,,
RVMD,equity,,
YUM,equity,,
KVUE,equity,,
DOW,equity,,
TNA,equity,,
FICO,equity,,
CRS,equity,,
LULU,equity,,
HSY,equity,,
NUE,equity,,
VALE,equity,,
FISV,equity,,
IDXX,equity,,
VEEV,equity,,
UMC,equity,,
ZM,equity,,
EQT,equity,,
PL,equity,,
NSC,equity,,
NCLH,equity,,
APD,equity,,
CASY,equity,,
QQQI,equity,,
VRSK,equity,,
ETR,equity,,
SWKS,equity,,
MXL,equity,,
USHY,equity,,
HUBS,equity,,
NRG,equity,,
O,equity,,
SITM,equity,,
FITB,equity,,
ALNY,equity,,
FAST,equity,,
CNQ,equity,,
TPR,equity,,
SPMO,equity,,
TSCO,equity,,
CCI,equity,,
ITW,equity,,
INSM,equity,,
UPRO,equity,,
STT,equity,,
VTEB,equity,,
ONTO,equity,,
BP,equity,,
BDX,equity,,
GIS,equity,,
PAYX,equity,,
ROP,equity,,
CCJ,equity,,
RSG,equity,,
ILMN,equity,,
DLTR,equity,,
MOD,equity,,
DHI,equity,,
KHC,equity,,
SPXU,equity,,
DG,equity,,
PLTD,equity,,
ROK,equity,,
VTR,equity,,
FERG,equity,,
ALB,equity,,
MP,equity,,
HUBB,equity,,
CLSK,equity,,
VSH,equity,,
NDAQ,equity,,
FPS,equity,,
PINS,equity,,
ULTA,equity,,
VMC,equity,,
MET,equity,,
CPRT,equity,,
SNDQ,equity,,
RMBS,equity,,
CNC,equity,,
CTVA,equity,,
GH,equity,,
NTRA,equity,,
AFRM,equity,,
MRNA,equity,,
MLM,equity,,
SMR,equity,,
SCHX,equity,,
VNQ,equity,,
OKE,equity,,
EME,equity,,
NVT,equity,,
WAT,equity,,
NXT,equity,,
VCLT,equity,,
TOST,equity,,
MDLN,equity,,
CORZ,equity,,
TRGP,equity,,
QXO,equity,,
LYB,equity,,
PSA,equity,,
SPXS,equity,,
EXE,equity,,
AA,equity,,
PCG,equity,,
IR,equity,,
GEHC,equity,,
ENPH,equity,,
SRE,equity,,
CF,equity,,
RF,equity,,
RY,equity,,
CFG,equity,,
ATI,equity,,
INDA,equity,,
AMP,equity,,
GLDM,equity,,
STZ,equity,,
PPL,equity,,
KMI,equity,,
ARES,equity,,
TE,equity,,
STLD,equity,,
DKNG,equity,,
IQV,equity,,
AMDL,equity,,
JPST,equity,,
COPX,equity,,
TEM,equity,,
SCHG,equity,,
RMD,equity,,
BBY,equity,,
A,equity,,
JEPI,equity,,
KNX,equity,,
LSCC,equity,,
BIDU,equity,,
ITOT,equity,,
EFX,equity,,
PBR,equity,,
ADM,equity,,
W,equity,,
TLN,equity,,
USAR,equity,,
BOXX,equity,,
LUNR,equity,,
CBRE,equity,,
IBB,equity,,
Q,equity,,
LPLA,equity,,
EMXC,equity,,
CELH,equity,,
FTAI,equity,,
CNP,equity,,
TD,equity,,
DPZ,equity,,
VCSH,equity,,
CHRW,equity,,
SYY,equity,,
AME,equity,,
ARGX,equity,,
LUV,equity,,
SHV,equity,,
SPYG,equity,,
AWK,equity,,
DKS,equity,,
AEIS,equity,,
MULL,equity,,
FTI,equity,,
VIAV,equity,,
SHY,rates,USRATES_SHORT,
CMS,equity,,
FIS,equity,,
GPN,equity,,
AIG,equity,,
SIMO,equity,,
WBS,equity,,
EL,equity,,
SYF,equity,,
CDW,equity,,
FLUT,equity,,
QUAL,equity,,
MTB,equity,,
USFD,equity,,
AFL,equity,,
RIO,equity,,
QID,equity,,
DRI,equity,,
GFS,equity,,
NVS,equity,,
WOLF,equity,,
OMC,equity,,
VIK,equity,,
WCN,equity,,
WWD,equity,,
XHB,equity,,
OTIS,equity,,
RBRK,equity,,
RL,equity,,
SH,equity,,
JBHT,equity,,
BB,equity,,
XME,equity,,
JNK,credit,USHY,
ED,equity,,
INFY,equity,,
KEY,equity,,
JD,equity,,
MAGS,equity,,
SU,equity,,
NVMI,equity,,
THC,equity,,
VIG,equity,,
SCHB,equity,,
SCCO,equity,,
SOXQ,equity,,
CP,equity,,
BTI,equity,,
ZBRA,equity,,
FFIV,equity,,
WST,equity,,
UTHR,equity,,
UL,equity,,
RWM,equity,,
USFR,equity,,
PEG,equity,,
MTD,equity,,
TKO,equity,,
ATO,equity,,
FOXA,equity,,
XPO,equity,,
BURL,equity,,
FIVE,equity,,
WEC,equity,,
EFV,equity,,
CLX,equity,,
CAVA,equity,,
U,equity,,
JAAA,equity,,
VRSN,equity,,
GNRC,equity,,
IVW,equity,,
TYL,equity,,
FCEL,equity,,
PODD,equity,,
WSM,equity,,
FDS,equity,,
KTOS,equity,,
WAB,equity,,
AGQ,equity,,
HIG,equity,,
FBTC,equity,,
SN,equity,,
WCC,equity,,
XLRE,equity,,
LEN,equity,,
VICI,equity,,
BIIB,equity,,
IWB,equity,,
AU,equity,,
AAOX,equity,,
IRM,equity,,
QSR,equity,,
XYL,equity,,
BHP,equity,,
DECK,equity,,
SW,equity,,
LII,equity,,
PHM,equity,,
TROW,equity,,
TECL,equity,,
VGK,equity,,
VXX,equity,,
WPM,equity,,
ELF,equity,,
SCO,equity,,
ROL,equity,,
SPIB,equity,,
POET,equity,,
LVS,equity,,
CSGP,equity,,
CLF,equity,,
DT,equity,,
VICR,equity,,
CVE,equity,,
SCHF,equity,,
GWRE,equity,,
HDB,equity,,
CAG,equity,,
USMV,equity,,
RRX,equity,,
TDY,equity,,
ACHR,equity,,
HST,equity,,
RJF,equity,,
P,equity,,
PPG,equity,,
PAAS,equity,,
TECK,equity,,
VEU,equity,,
TSDD,equity,,
AG,equity,,
ENB,equity,,
BROS,equity,,
RIG,equity,,
UVXY,equity,,
GSK,equity,,
CPAY,equity,,
FE,equity,,
PRU,equity,,
PSQ,equity,,
DOV,equity,,
PTC,equity,,
ACGL,equity,,
DY,equity,,
IOT,equity,,
SOUN,equity,,
NI,equity,,
SSO,equity,,
BG,equity,,
ETSY,equity,,
AVAV,equity,,
BWA,equity,,
AEHR,equity,,
KGC,equity,,
VO,equity,,
AGX,equity,,
IT,equity,,
PENG,equity,,
BR,equity,,
TECH,equity,,
SNX,equity,,
RACE,equity,,
ZBH,equity,,
DTE,equity,,
TIP,equity,,
IBN,equity,,
SNAP,equity,,
BNDX,equity,,
IP,equity,,
BNS,equity,,
SUNB,equity,,
MOH,equity,,
CHWY,equity,,
FUTU,equity,,
DD,equity,,
JAZZ,equity,,
VYM,equity,,
FORM,equity,,
VTWO,equity,,
APA,equity,,
FROG,equity,,
OWL,equity,,
MOS,equity,,
ITB,equity,,
NBIX,equity,,
LYFT,equity,,
GRMN,equity,,
TXRH,equity,,
JKHY,equity,,
EXPD,equity,,
CCEP,equity,,
TSN,equity,,
NVR,equity,,
MSFU,equity,,
AUR,equity,,
GDDY,equity,,
PR,equity,,
VBIL,equity,,
AEE,equity,,
SPLV,equity,,
LNT,equity,,
CGDV,equity,,
SDS,equity,,
MKC,equity,,
APTV,equity,,
BRO,equity,,
INCY,equity,,
DINO,equity,,
EQR,equity,,
CHD,equity,,
ONON,equity,,
BBIO,equity,,
VSAT,equity,,
EIX,equity,,
FLY,equity,,
VG,equity,,
SANM,equity,,
SGI,equity,,
IWR,equity,,
NTNX,equity,,
STE,equity,,
ITA,equity,,
CW,equity,,
BN,equity,,
RPRX,equity,,
CNI,equity,,
BAI,equity,,
JHX,equity,,
FLNC,equity,,
OVV,equity,,
SBAC,equity,,
ES,equity,,
DVA,equity,,
SEI,equity,,
CRL,equity,,
GPC,equity,,
WTW,equity,,
BJ,equity,,
ROIV,equity,,
ALGN,equity,,
HEI,equity,,
ITUB,equity,,
OUST,equity,,
CHKP,equity,,
VLTO,equity,,
MUD,equity,,
OSCR,equity,,
DGX,equity,,
MAS,equity,,
MBB,equity,,
TEVA,equity,,
AVB,equity,,
TRP,equity,,
SJM,equity,,
EVRG,equity,,
BLDR,equity,,
BWXT,equity,,
ZETA,equity,,
FNV,equity,,
PNR,equity,,
WING,equity,,
AXSM,equity,,
FTV,equity,,
AER,equity,,
BTSG,equity,,
COO,equity,,
NTRS,equity,,
QS,equity,,
SFM,equity,,
CART,equity,,
NTR,equity,,
SNDU,equity,,
DOCU,equity,,
DAVE,equity,,
LH,equity,,
VGSH,equity,,
SOLS,equity,,
MUSA,equity,,
AR,equity,,
LDOS,equity,,
ITT,equity,,
GGLL,equity,,
AGNC,equity,,
POOL,equity,,
INTW,equity,,
VLUE,equity,,
POWL,equity,,
SAIA,equity,,
NLY,equity,,
EAT,equity,,
PFGC,equity,,
MCHI,equity,,
ALLE,equity,,
DUOL,equity,,
VGIT,equity,USRATES_MID,
HAS,equity,,
TW,equity,,
IXUS,equity,,
TRU,equity,,
VTRS,equity,,
TRI,equity,,
IVE,equity,,
EPAM,equity,,
GOVT,equity,,
BSV,equity,,
ESI,equity,,
INVH,equity,,
SSNC,equity,,
IUSB,equity,,
RBC,equity,,
PRIM,equity,,
TRMB,equity,,
GLXY,equity,,
ASHR,equity,,
IWO,equity,,
MDGL,equity,,
CYTK,equity,,
ASTX,equity,,
H,equity,,
AVEM,equity,,
EXR,equity,,
FNGU,equity,,
RGLD,equity,,
FCNCA,equity,,
MGM,equity,,
BAH,equity,,
RGEN,equity,,
GDXU,equity,,
CSL,equity,,
IONS,equity,,
CPB,equity,,
SEDG,equity,,
TSLQ,equity,,
URA,equity,,
IYW,equity,,
BRK-A,equity,,
AVUV,equity,,
GEN,equity,,
UDR,equity,,
BKLN,equity,,
AIQ,equity,,
DYNF,equity,,
ABVX,equity,,
MSTZ,equity,,
MEDP,equity,,
TOL,equity,,
SPYI,equity,,
VONG,equity,,
EQH,equity,,
LFUS,equity,,
KRMN,equity,,
BUD,equity,,
HII,equity,,
IFF,equity,,
GAP,equity,,
AMRZ,equity,,
IHI,equity,,
J,equity,,
NVDX,equity,,
AMCR,equity,,
KBWB,equity,,
LITX,equity,,
TPL,equity,,
OLLI,equity,,
JBLU,equity,,
ARWR,equity,,
IEI,equity,,
UHS,equity,,
SPDW,equity,,
BTDR,equity,,
ALC,equity,,
DOC,equity,,
FND,equity,,
ALLY,equity,,
WYNN,equity,,
MINT,equity,,
DRIP,equity,,
ARMK,equity,,
Z,equity,,
ALK,equity,,
INFQ,equity,,
ASND,equity,,
VB,equity,,
VSXY,equity,,
BAX,equity,,
BALL,equity,,
MAA,equity,,
FRSH,equity,,
FLS,equity,,
IESC,equity,,
HALO,equity,,
HSBC,equity,,
KMX,equity,,
CG,equity,,
CLH,equity,,
IEX,equity,,
EVR,equity,,
IVZ,equity,,
UPST,equity,,
MKL,equity,,
BEN,equity,,
EQNR,equity,,
GMED,equity,,
CGNX,equity,,
TCOM,equity,,
LEU,equity,,
UDOW,equity,,
OC,equity,,
PKG,equity,,
AS,equity,,
CRBG,equity,,
EXEL,equity,,
RVTY,equity,,
CACI,equity,,
CROX,equity,,
WSO,equity,,
GTLB,equity,,
PFG,equity,,
WRB,equity,,
EG,equity,,
ACMR,equity,,
PCOR,equity,,
UCO,equity,,
AGI,equity,,
IWN,equity,,
SPTL,equity,,
CIBR,equity,,
BCS,equity,,
OIH,equity,,
TIGO,equity,,
TAP,equity,,
DAR,equity,,
HBM,equity,,
ELAN,equity,,
ESS,equity,,
SUI,equity,,
SWK,equity,,
NYT,equity,,
CINF,equity,,
MVLL,equity,,
AHR,equity,,
BAP,equity,,
BAM,equity,,
UCTT,equity,,
TKR,equity,,
SPXC,equity,,
PAYC,equity,,
QUBT,equity,,
MGK,equity,,
SCHH,equity,,
M,equity,,
NASA,equity,,
AAON,equity,,
ICLR,equity,,
WY,equity,,
CZR,equity,,
RH,equity,,
TWST,equity,,
PBF,equity,,
VOOG,equity,,
EQX,equity,,
ARW,equity,,
GFI,equity,,
RS,equity,,
ICLN,equity,,
IGSB,equity,,
TXT,equity,,
ERIC,equity,,
IRE,equity,,
SPYV,equity,,
SNY,equity,,
SNA,equity,,
SHAK,equity,,
PNW,equity,,
SIRI,equity,,
SPHQ,equity,,
COMP,equity,,
BRKR,equity,,
S,equity,,
AES,equity,,
AMZD,equity,,
BNO,equity,,
INOD,equity,,
UVIX,equity,,
CELC,equity,,
PRAX,equity,,
PNFP,equity,,
CGGR,equity,,
GKOS,equity,,
VMI,equity,,
TMF,equity,,
PBR-A,equity,,
RKLX,equity,,
SONY,equity,,
UNM,equity,,
KGS,equity,,
APGE,equity,,
IGIB,equity,,
HNGE,equity,,
PEN,equity,,
UUUU,equity,,
BOOT,equity,,
GRID,equity,,
ARKG,equity,,
WMS,equity,,
CM,equity,,
FLR,equity,,
CNH,equity,,
STLA,equity,,
RBA,equity,,
TTE,equity,,
MNDY,equity,,
CPT,equity,,
VFC,equity,,
ALGM,equity,,
TENB,equity,,
FBND,equity,,
SM,equity,,
VTIP,equity,,
AVY,equity,,
BMO,equity,,
RUN,equity,,
MYRG,equity,,
SCHE,equity,,
LABU,equity,,
CCK,equity,,
JLL,equity,,
RRC,equity,,
ACWX,equity,,
IWY,equity,,
QRVO,equity,,
AMBA,equity,,
ACM,equity,,
FER,equity,,
LYG,equity,,
TGTX,equity,,
MTCH,equity,,
BTCZ,equity,,
SOLV,equity,,
MOG-A,equity,,
SILJ,equity,,
REG,equity,,
BITX,equity,,
ESTC,equity,,
SCHV,equity,,
FBIN,equity,,
OSK,equity,,
SYNA,equity,,
APG,equity,,
BMRN,equity,,
AYI,equity,,
SAN,equity,,
DGRO,equity,,
BIV,equity,,
FRMI,equity,,
NWSA,equity,,
PULS,equity,,
FSLY,equity,,
DBX,equity,,
LQDA,equity,,
TXG,equity,,
AIZ,equity,,
WFRD,equity,,
KBE,equity,,
ORA,equity,,
RAL,equity,,
HSIC,equity,,
IDEV,equity,,
ZION,equity,,
SCZ,equity,,
WPC,equity,,
JEF,equity,,
LOGI,equity,,
IRDM,equity,,
OEF,equity,,
FHN,equity,,
ANF,equity,,
SARO,equity,,
GVA,equity,,
FRT,equity,,
NTES,equity,,
RNR,equity,,
VGLT,equity,USRATES_LONG,
GME,equity,,
KLIC,equity,,
KRYS,equity,,
KIM,equity,,
ACI,equity,,
URTH,equity,,
WH,equity,,
CENX,equity,,
IWP,equity,,
BBWI,equity,,
HRL,equity,,
GL,equity,,
AVT,equity,,
EWBC,equity,,
LGN,equity,,
CAKE,equity,,
AMPX,equity,,
BBJP,equity,,
HLI,equity,,
XPEV,equity,,
BILL,equity,,
LNTH,equity,,
UEC,equity,,
SDOW,equity,,
BIO,equity,,
AMZU,equity,,
SPEM,equity,,
KNSL,equity,,
LTH,equity,,
NDSN,equity,,
GGG,equity,,
DTM,equity,,
CR,equity,,
SCI,equity,,
METU,equity,,
LUMN,equity,,
VOYA,equity,,
SIL,equity,,
AOS,equity,,
ALSN,equity,,
ELS,equity,,
AAPD,equity,,
ONB,equity,,
WTS,equity,,
CTRE,equity,,
OHI,equity,,
SHAZ,equity,,
CNM,equity,,
SPMD,equity,,
PLNT,equity,,
AAP,equity,,
GLPI,equity,,
ENSG,equity,,
BOIL,equity,,
FIGR,equity,,
QTUM,equity,,
SPHY,equity,,
WHR,equity,,
QLYS,equity,,
TTAN,equity,,
R,equity,,
NOWL,equity,,
FLOT,equity,,
RCAT,equity,,
BSY,equity,,
IBP,equity,,
PYLD,equity,,
CHRD,equity,,
COKE,equity,,
XE,equity,,
HDV,equity,,
LBRT,equity,,
UBS,equity,,
SPHR,equity,,
PTCT,equity,,
SF,equity,,
BTG,equity,,
SYRE,equity,,
EHC,equity,,
ENS,equity,,
SKM,equity,,
LSTR,equity,,
FRO,equity,,
QGEN,equity,,
MANH,equity,,
SITE,equity,,
HXL,equity,,
AVS,equity,,
ONC,equity,,
CRUS,equity,,
MTN,equity,,
PDBC,equity,,
CHYM,equity,,
AVDE,equity,,
GSAT,equity,,
IUSG,equity,,
MTDR,equity,,
CAR,equity,,
AMG,equity,,
EWC,equity,,
TTEK,equity,,
EXP,equity,,
PTEN,equity,,
NAVN,equity,,
RYAN,equity,,
DFAC,equity,,
CHE,equity,,
RPM,equity,,
SYM,equity,,
L,equity,,
WEX,equity,,
STIP,equity,,
VXF,equity,,
ARCC,equity,,
JETS,equity,,
TVTX,equity,,
AVTR,equity,,
PFF,equity,,
RELX,equity,,
PAVE,equity,,
TM,equity,,
ALKS,equity,,
USD,equity,,
VDE,equity,,
MSM,equity,,
LABD,equity,,
ETHU,equity,,
AVLV,equity,,
FTEC,equity,,
CFR,equity,,
ALHC,equity,,
HRB,equity,,
GBTC,equity,,
UGL,equity,,
NEU,equity,,
CVLT,equity,,
LAD,equity,,
BXP,equity,,
SHLD,equity,,
HLN,equity,,
ST,equity,,
TPG,equity,,
TBIL,equity,,
LAMR,equity,,
MKTX,equity,,
PLTU,equity,,
CORT,equity,,
LCID,equity,,
SNEX,equity,,
ADC,equity,,
PVAL,equity,,
FNB,equity,,
ICHR,equity,,
SGOL,equity,,
TREX,equity,,
FDN,equity,,
DEO,equity,,
EFG,equity,,
VV,equity,,
BIRK,equity,,
VLY,equity,,
G,equity,,
CE,equity,,
FCFS,equity,,
UMBF,equity,,
LEA,equity,,
SSRM,equity,,
TDC,equity,,
VSEC,equity,,
VYMI,equity,,
GTX,equity,,
SCHP,equity,,
SPSB,equity,,
COLB,equity,,
PURR,equity,,
IAG,equity,,
SPSM,equity,,
IBRX,equity,,
ING,equity,,
AXTX,equity,,
EWW,equity,,
BINC,equity,,
CACC,equity,,
AIRR,equity,,
MLI,equity,,
USIG,equity,,
PSKY,equity,,
AEO,equity,,
ECG,equity,,
VOYG,equity,,
MHK,equity,,
FNDX,equity,,
IDCC,equity,,
BCE,equity,,
VBK,equity,,
JCPB,equity,,
WIX,equity,,
UMAC,equity,,
MIDD,equity,,
GFL,equity,,
KVYO,equity,,
AIT,equity,,
FRVO,equity,,
KLAR,equity,,
GPIQ,equity,,
CWB,equity,,
CRSP,equity,,
REXR,equity,,
BELFB,equity,,
ARE,equity,,
LECO,equity,,
ALM,equity,,
KEX,equity,,
DNTH,equity,,
TME,equity,,
CUBE,equity,,
WLK,equity,,
ALV,equity,,
HR,equity,,
RDVY,equity,,
BYD,equity,,
WRBY,equity,,
FAS,equity,,
CAMT,equity,,
BNTX,equity,,
NUGT,equity,,
JBS,equity,,
TLH,equity,,
ACLS,equity,,
MSGS,equity,,
QYLD,equity,,
INGR,equity,,
SVXY,equity,,
WTFC,equity,,
RYAAY,equity,,
LPX,equity,,
PLXS,equity,,
VAL,equity,,
FRPT,equity,,
TEX,equity,,
SEZL,equity,,
POST,equity,,
RGA,equity,,
PCTY,equity,,
KIE,equity,,
CMC,equity,,
TMDX,equity,,
NPO,equity,,
COCO,equity,,
EGP,equity,,
SQM,equity,,
MGA,equity,,
LMND,equity,,
BPOP,equity,,
URBN,equity,,
XP,equity,,
NEBX,equity,,
CHDN,equity,,
IAUM,equity,,
EMN,equity,,
AGCO,equity,,
SLAB,equity,,
BLLN,equity,,
HQY,equity,,
RELY,equity,,
COGT,equity,,
IWV,equity,,
TAN,equity,,
MORN,equity,,
VONV,equity,,
EGO,equity,,
ESE,equity,,
UNG,equity,NATGAS,
HTHT,equity,,
PVH,equity,,
YOU,equity,,
SSB,equity,,
NOVT,equity,,
NGG,equity,,
ZSL,equity,,
WAL,equity,,
MTRN,equity,,
DB,equity,,
MOAT,equity,,
NNN,equity,,
DOX,equity,,
PRMB,equity,,
BRX,equity,,
DOCS,equity,,
LKQ,equity,,
AMH,equity,,
AVDV,equity,,
LAZ,equity,,
HLNE,equity,,
EMBJ,equity,,
PAAA,equity,,
XMTR,equity,,
HRI,equity,,
LASR,equity,,
BFAM,equity,,
NBIL,equity,,
ACHC,equity,,
VUSB,equity,,
ULS,equity,,
PB,equity,,
LGND,equity,,
VVV,equity,,
MIRM,equity,,
ORKA,equity,,
REMX,equity,,
FNDF,equity,,
NWG,equity,,
ACA,equity,,
EXLS,equity,,
WEN,equity,,
YPF,equity,,
TNGX,equity,,
TFX,equity,,
SLS,equity,,
GDS,equity,,
SCHO,equity,,
MSTX,equity,,
AWI,equity,,
AN,equity,,
NVST,equity,,
MFC,equity,,
EURUSD=X,fx,EUR,Euro / US Dollar
GBPUSD=X,fx,GBP,Sterling / US Dollar
USDJPY=X,fx,JPY,US Dollar / Yen
AUDUSD=X,fx,AUD,Australian Dollar / US Dollar
USDCHF=X,fx,,US Dollar / Swiss Franc
USDCAD=X,fx,,US Dollar / Canadian Dollar
NZDUSD=X,fx,,NZ Dollar / US Dollar
USDSEK=X,fx,,US Dollar / Swedish Krona
ES=F,equity_future,SP500,E-mini S&P 500
NQ=F,equity_future,NDX,E-mini Nasdaq 100
YM=F,equity_future,DOW,E-mini Dow
RTY=F,equity_future,RUSSELL,E-mini Russell 2000
ZN=F,rate_future,USRATES_MID,10-Year T-Note
ZB=F,rate_future,USRATES_LONG,30-Year T-Bond
ZF=F,rate_future,USRATES_SHORT,5-Year T-Note
ZT=F,rate_future,USRATES_SHORT,2-Year T-Note
CL=F,commodity_future,CRUDE,Crude Oil
GC=F,commodity_future,GOLD,Gold
SI=F,commodity_future,SILVER,Silver
NG=F,commodity_future,NATGAS,Natural Gas
HG=F,commodity_future,,Copper
ZC=F,commodity_future,,Corn
ZS=F,commodity_future,,Soybeans
ZW=F,commodity_future,,Wheat
6E=F,fx_future,EUR,Euro FX Future
6J=F,fx_future,JPY,Japanese Yen Future
6B=F,fx_future,GBP,British Pound Future
6A=F,fx_future,AUD,Australian Dollar Future
