Datetime,Returns,SMA_10,SMA_50,Vol_10,Actual,Predicted
2026-07-30 15:30:00+00:00,0.0024809445796951657,736.1502746582031,737.4961596679688,0.003568041979706329,1,1
2026-07-30 15:45:00+00:00,0.0006883019573311611,736.90927734375,737.4145593261719,0.0033956809280386562,1,0
2026-07-30 16:00:00+00:00,0.002353703336005708,737.1562744140625,737.3530590820312,0.0018475964216029738,0,0
2026-07-30 16:15:00+00:00,-0.00014208342543975405,737.169775390625,737.2760595703126,0.0015881730843434667,0,0
2026-07-30 16:30:00+00:00,-0.0009881158415459002,737.1747802734375,737.2098596191406,0.0015957427649908702,1,0
2026-07-30 16:45:00+00:00,0.0012939257439121832,737.2153015136719,737.163359375,0.0016296030804571215,1,0
2026-07-30 17:00:00+00:00,0.0009675796797530278,737.4013000488281,737.1413598632812,0.0016064116094312844,1,0
2026-07-30 17:15:00+00:00,8.111066324678617e-05,737.7543029785156,737.1127600097657,0.0013667797848504269,1,1
2026-07-30 17:30:00+00:00,0.0002027189587523459,738.256298828125,737.1018591308593,0.0011152102665528557,0,1
2026-07-30 17:45:00+00:00,-0.00017562115983382753,738.7543029785156,737.0856591796875,0.001119583453132818,1,1
2026-07-30 18:00:00+00:00,0.000567713230317235,739.1120056152344,737.0742590332031,0.0009231589892246319,1,1
2026-07-30 18:15:00+00:00,0.00024316762066045605,739.4370056152344,737.0528588867187,0.0009229945924741804,0,1
2026-07-30 18:30:00+00:00,-6.751640054980523e-05,739.5835083007812,737.0300598144531,0.0006392997835185517,1,1
2026-07-30 18:45:00+00:00,0.0005943328397459702,739.7845092773438,737.0114599609375,0.0006381488830300803,1,1
2026-07-30 19:00:00+00:00,0.001754914155126519,740.1885070800781,737.0268603515625,0.0006257629704832028,0,1
2026-07-30 19:15:00+00:00,-0.00039076909790403125,740.4680114746094,737.0472607421875,0.0006288720860133575,1,1
2026-07-30 19:30:00+00:00,1.34119686103773e-05,740.6770080566406,737.0894604492188,0.0006012159304036237,0,1
2026-07-30 19:45:00+00:00,-8.088213695378599e-05,740.8740051269531,737.1768603515625,0.0006093676409683223,1,1
2026-07-31 13:30:00+00:00,0.0018470267526757844,741.1930053710937,737.3306604003906,0.0007864648871067165,0,0
2026-07-31 13:45:00+00:00,-0.001560992036928277,741.4090026855469,737.4710607910156,0.0009985373244241218,0,1
2026-07-31 14:00:00+00:00,-0.004666111931240224,741.2368041992188,737.5562219238282,0.0018481726883246116,1,0
2026-07-31 14:15:00+00:00,0.0027244722471457816,741.247802734375,737.6696215820313,0.0020719735876499044,1,0
2026-07-31 14:30:00+00:00,0.0015327820505255385,741.3773010253906,737.8093212890625,0.0021258385041568375,1,0
2026-07-31 14:45:00+00:00,0.0011798415641328663,741.5502990722656,737.9705151367187,0.002146577615404807,0,1
2026-07-31 15:00:00+00:00,-0.0004713475904881692,741.55830078125,738.1337158203125,0.0020860640085382702,0,0
2026-07-31 15:15:00+00:00,-0.0024928067913955188,741.4102966308594,738.2651159667969,0.0022320411604961573,1,0
2026-07-31 15:30:00+00:00,0.0020532480836337186,741.4132995605469,738.4611157226562,0.002343861932815596,1,0
2026-07-31 15:45:00+00:00,0.0017131015283142759,741.5493835449219,738.6459326171876,0.0024043047422253635,1,0
2026-07-31 16:00:00+00:00,0.0006179156947136999,741.594384765625,738.852333984375,0.0023405224556755444,1,0
2026-07-31 16:15:00+00:00,0.0011700559901424157,741.8423828125,739.0433337402344,0.002288733580582532,0,1
2026-07-31 16:30:00+00:00,-0.0003358319305490909,742.4115783691407,739.1947338867187,0.0015165317819561992,1,1
2026-07-31 16:45:00+00:00,0.0006047169562946042,742.8245788574219,739.372333984375,0.0013520850310079523,1,1
2026-07-31 17:00:00+00:00,0.0008124687393800123,743.1845764160156,739.5618334960938,0.0013129557538746925,1,1
2026-07-31 17:15:00+00:00,0.001429101917268527,743.56357421875,739.7594836425782,0.0013298670757543951,0,1
2026-07-31 17:30:00+00:00,-0.0005995641689461317,743.9328247070313,739.9285339355469,0.001340952378000735,0,1
2026-07-31 17:45:00+00:00,-0.0005396941574895564,744.446826171875,740.0911340332032,0.0009390754854082774,1,0
2026-07-31 18:00:00+00:00,0.00037557450740743903,744.8368225097656,740.1911340332031,0.0008099579200019872,1,0
2026-07-31 18:15:00+00:00,0.0003889383064616947,745.1287414550782,740.272333984375,0.0006940463092571519,1,0
2026-07-31 18:30:00+00:00,7.371573445569268e-05,745.3802429199219,740.4153820800781,0.0006957294222194583,1,0
2026-07-31 18:45:00+00:00,0.0001206689164807706,745.5537475585937,740.6354821777344,0.0006325469177076319,1,0
2026-07-31 19:00:00+00:00,0.00023451935066853835,745.7697509765625,740.9360827636718,0.0006004565019401282,1,0
2026-07-31 19:15:00+00:00,0.0015542362198619486,746.0567504882813,741.2950830078125,0.0007190993714252348,1,0
2026-07-31 19:30:00+00:00,0.0008093492577208039,746.34375,741.52908203125,0.0007188939752234896,0,0
2026-07-31 19:45:00+00:00,-0.0017176604506825566,746.395751953125,741.6927819824218,0.0008812940419206255,1,1
2026-08-03 13:30:00+00:00,0.006387192923024143,746.9695007324219,741.9647827148438,0.0021490858205798916,1,1
2026-08-03 13:45:00+00:00,0.0026876160224631462,747.785498046875,742.2651867675781,0.0021729657661989136,1,1
2026-08-03 14:00:00+00:00,0.0003981539780328891,748.6035034179688,742.58638671875,0.0021721508602352935,1,1
2026-08-03 14:15:00+00:00,0.0007958291106353599,749.4525024414063,742.951787109375,0.002161266557601413,1,1
2026-08-03 14:30:00+00:00,0.0005301847767560375,750.3360046386719,743.3519873046876,0.002141102553926049,1,1
2026-08-03 14:45:00+00:00,0.0006227218946011082,751.2575134277344,743.7633898925782,0.0021192777358055013,0,1
2026-08-03 15:00:00+00:00,-0.00041717894916482035,752.1300109863281,744.1320300292969,0.002162870215503924,1,1
2026-08-03 15:15:00+00:00,7.283267618207745e-05,752.8920104980468,744.4916296386718,0.002183882090965595,1,1
2026-08-03 15:30:00+00:00,0.0007020041349135031,753.6465209960937,744.8271313476563,0.002185279020278507,1,0
2026-08-03 15:45:00+00:00,0.0004167875902625351,754.5610229492188,745.1710314941406,0.0019847063505950783,1,0
2026-08-03 16:00:00+00:00,4.62635259250721e-05,755.0020202636719,745.5302307128907,0.0008235208830250286,1,0
2026-08-03 16:15:00+00:00,0.0007672285312454452,755.2990234375,745.8819311523438,0.0003871702128193658,0,0
2026-08-03 16:30:00+00:00,-0.00013222387898714771,755.5560180664063,746.2173303222656,0.000421284083495151,0,0
2026-08-03 16:45:00+00:00,-0.0003304823848693239,755.7280151367188,746.5465295410156,0.0004363018180296635,1,0
2026-08-03 17:00:00+00:00,0.00038353795685974745,755.889013671875,746.8785302734375,0.0004273828314770811,1,0
2026-08-03 17:15:00+00:00,0.0007600853916120975,756.0605041503907,747.2246301269531,0.00044389780093598736,1,0
2026-08-03 17:30:00+00:00,0.00032360317543878026,756.2880065917968,747.5672302246094,0.0003819637646700006,1,0
2026-08-03 17:45:00+00:00,0.00041601873615570995,756.5415161132812,747.9125317382812,0.0003745342451549605,1,0
2026-08-03 18:00:00+00:00,0.00048166246779546285,756.7785095214844,748.2661315917969,0.0003566153080904752,0,0
2026-08-03 18:15:00+00:00,-0.00058047048948906,756.9400085449219,748.6021313476563,0.0004513104926886997,1,0
2026-08-03 18:30:00+00:00,0.0006798244960311006,757.14951171875,748.922431640625,0.000469331999704232,0,0
2026-08-03 18:45:00+00:00,-0.00019789919298507375,757.2860107421875,749.2455310058593,0.00045634734493266757,1,0
2026-08-03 19:00:00+00:00,0.00032324027519070597,757.4570129394531,749.5733312988282,0.00044425121754641117,1,0
2026-08-03 19:15:00+00:00,0.00021107676440079715,757.6690185546875,749.9055322265625,0.00039965943743058786,0,0
2026-08-03 19:30:00+00:00,-0.00035606656867326336,757.8250183105469,750.2049328613281,0.00044432328113639855,0,0
2026-08-03 19:45:00+00:00,-0.0005276879578370863,757.8835144042969,750.5195324707031,0.0004524669254111239,1,0
2026-08-04 13:30:00+00:00,0.0055202069654691766,758.3357604980469,750.987021484375,0.001785942800609713,1,0
2026-08-04 13:45:00+00:00,0.0020181553062279534,758.91025390625,751.4450219726563,0.0018389791701053436,1,0
2026-08-04 14:00:00+00:00,0.0019190266995923189,759.5947509765625,751.9096215820313,0.0018709446857613887,0,0
2026-08-04 14:15:00+00:00,-0.000477201879696576,760.2867492675781,752.3494213867187,0.001862123566318899,1,0
2026-08-04 14:30:00+00:00,0.001700464112774247,761.0572448730469,752.8222204589844,0.0018759481309993764,1,0
2026-08-04 14:45:00+00:00,0.0006659916951887723,761.8937438964844,753.3422204589843,0.0018333808174357705,1,0
2026-08-04 15:00:00+00:00,0.0007960137821734214,762.7667419433594,753.8440197753906,0.0018171568668511604,1,0
2026-08-04 15:15:00+00:00,0.0005737341497882298,763.6677368164062,754.3292028808594,0.0017999402036937224,1,0
2026-08-04 15:30:00+00:00,0.0012120332840661607,764.6887390136719,754.8238037109375,0.0017173448222932888,1,0
2026-08-04 15:45:00+00:00,0.00020822244289964154,765.7657409667969,755.3042041015625,0.0016425541262113296,0,0
2026-08-04 16:00:00+00:00,-0.0002407443105590934,766.4059936523438,755.7859045410156,0.0008715490580155943,1,0
2026-08-04 16:15:00+00:00,0.0012821073020055085,766.9909912109375,756.2783044433594,0.0007878264213379835,1,0
2026-08-04 16:30:00+00:00,0.000961975773190904,767.5034912109375,756.7734045410157,0.0006830877444298153,1,0
2026-08-04 16:45:00+00:00,0.00037018388389009615,768.0809936523438,757.2529052734375,0.0005680806483744075,1,0
2026-08-04 17:00:00+00:00,0.001239775968694845,768.6239929199219,757.7604541015625,0.0004969326135591536,1,0
2026-08-04 17:15:00+00:00,7.787479063225966e-05,769.1219970703125,758.2772546386718,0.000535612199569219,1,0
2026-08-04 17:30:00+00:00,0.0013613574228363845,769.6640014648438,758.8094555664062,0.0005808805724741541,0,0
2026-08-04 17:45:00+00:00,-0.00098404794428264,770.0860046386719,759.3206555175781,0.0007908293739813398,1,1
2026-08-04 18:00:00+00:00,0.0007905768054383699,770.4760009765625,759.8429553222657,0.0007622756300607679,1,0
2026-08-04 18:15:00+00:00,0.0002460597829629929,770.8690002441406,760.3672546386719,0.0007607216161009662,0,0
2026-08-04 18:30:00+00:00,-0.0008415971855093574,771.2154968261718,760.8750537109376,0.0008456415788794314,1,0
2026-08-04 18:45:00+00:00,0.00045357984033356225,771.4984985351563,761.3666540527344,0.0007941213590523975,1,0
2026-08-04 19:00:00+00:00,0.001049124497661813,771.7885009765625,761.8623547363281,0.0008018102251241733,0,0
2026-08-04 19:15:00+00:00,-0.000724559511251277,771.9940002441406,762.3725549316406,0.0008742031373527065,1,0
2026-08-04 19:30:00+00:00,0.0012041545822478739,772.1970031738281,762.8059545898437,0.0008698598639582163,0,0
2026-08-04 19:45:00+00:00,-0.0025476504405108624,772.1970031738281,763.1595556640625,0.0012466567205750344,1,1
2026-08-05 13:30:00+00:00,0.0067419756435487255,772.6119995117188,763.6111547851563,0.0024649922821744405,1,0
2026-08-05 13:45:00+00:00,0.0002880084717251652,773.1253601074219,764.0552270507812,0.002409882385633402,0,0
2026-08-05 14:00:00+00:00,-0.0006999325449538185,773.5233581542968,764.4804260253907,0.002447125091146806,0,0
2026-08-05 14:15:00+00:00,-0.001776810713236765,773.7644470214843,764.8686413574219,0.002553307458846241,0,1
2026-08-05 14:30:00+00:00,-0.0009627375431404683,773.995947265625,765.2482409667969,0.0025596820478205767,0,0
2026-08-05 14:45:00+00:00,-0.0007299443319865873,774.1359436035157,765.6154406738282,0.002579208081589942,0,0
2026-08-05 15:00:00+00:00,-0.0005300440353988023,774.1539428710937,765.9638391113281,0.0025686871771772144,0,0
2026-08-05 15:15:00+00:00,-0.0017462753087740257,774.0929443359375,766.2789392089844,0.0026216431827421477,1,1
2026-08-05 15:30:00+00:00,0.00038873123897231743,773.9689453125,766.5993395996094,0.00258989330421057,0,0
2026-08-05 15:45:00+00:00,-0.0017680991400479407,773.9054443359375,766.88083984375,0.002520765237076894,0,1
2026-08-05 16:00:00+00:00,-0.0002660331081727474,773.3014465332031,767.1602404785157,0.000801331019723417,1,0
2026-08-05 16:15:00+00:00,0.0021545780843037488,772.8410827636719,767.4778405761718,0.0011973606133333175,0,0
2026-08-05 16:30:00+00:00,-0.0006604698181498225,772.3840881347656,767.7794409179687,0.0011970364171239856,1,0
2026-08-05 16:45:00+00:00,0.0003401432920855374,772.0912475585938,768.0747900390625,0.0011500404461621005,0,0
2026-08-05 17:00:00+00:00,-0.0004566650200367173,771.8377502441406,768.3581896972656,0.0011324512131485468,0,0
2026-08-05 17:15:00+00:00,-0.00020735339537425457,771.624755859375,768.6320886230469,0.0011238366349560212,1,0
2026-08-05 17:30:00+00:00,0.00046899597907357204,771.4889343261718,768.9059240722656,0.0011429032552152877,0,0
2026-08-05 17:45:00+00:00,-0.00019021538392427484,771.4734313964843,769.1856237792969,0.0010025525986074103,1,0
2026-08-05 18:00:00+00:00,0.00030456072968632064,771.4514282226562,769.4597229003906,0.0009990904868313968,1,0
2026-08-05 18:15:00+00:00,0.00019438502485602527,771.5809265136719,769.7398229980469,0.000790234199274682,0,0
2026-08-05 18:30:00+00:00,-0.0004663385113142793,771.6949279785156,770.0078234863281,0.0008048668877427216,0,0
2026-08-05 18:45:00+00:00,-0.0002449854515662597,771.6240295410156,770.2688427734375,0.00039205523035063645,1,0
2026-08-05 19:00:00+00:00,0.00043945192732985916,771.6380249023438,770.5420422363281,0.00036836177255700214,1,0
2026-08-05 19:15:00+00:00,9.063570268441623e-05,771.6327697753907,770.8246411132812,0.00035222886576608654,0,0
2026-08-05 19:30:00+00:00,-0.0003950915646052655,771.6322692871094,771.0174914550781,0.0003439304566548999,0,0
2026-08-05 19:45:00+00:00,-0.00227481045751432,771.472265625,771.1444909667969,0.0008004485152394873,1,1
2026-08-06 13:30:00+00:00,0.000987359076138894,771.3520874023437,771.2573913574219,0.0008634213063582188,1,0
2026-08-06 13:45:00+00:00,0.000545078403836774,771.2885864257812,771.3859912109375,0.0008910052755457265,1,0
2026-08-06 14:00:00+00:00,0.0008172117687679226,771.2645874023438,771.50119140625,0.0009296271654373351,0,0
2026-08-06 14:15:00+00:00,-0.0014256698896256692,771.1155883789063,771.5841918945313,0.0010225592190899928,0,1
2026-08-06 14:30:00+00:00,-0.0003958630293321441,770.9720886230468,771.6488928222657,0.001020705036957438,1,0
2026-08-06 14:45:00+00:00,0.0010906592901474,770.9314880371094,771.7215930175781,0.0010966437684945388,0,0
2026-08-06 15:00:00+00:00,-0.001329420674047066,770.7544921875,771.7551928710938,0.0011499114969466464,0,0
2026-08-06 15:15:00+00:00,-0.0009351547063918275,770.4984985351563,771.7711926269532,0.0011638990568256556,0,0
2026-08-06 15:30:00+00:00,-0.0011829509074976485,770.1820007324219,771.7726928710938,0.0011949286857144143,0,1
2026-08-06 15:45:00+00:00,-0.0002668346742722427,770.0205017089844,771.7503930664062,0.0009995500543119953,0,0
2026-08-06 16:00:00+00:00,-0.0001887967860049189,769.7684997558594,771.7103930664063,0.0009080741417756597,1,0
2026-08-06 16:15:00+00:00,0.0003646309851776941,769.5025024414062,771.67029296875,0.000890436942281406,0,0
2026-08-06 16:30:00+00:00,-0.00023428614465581532,769.1555053710938,771.6074938964844,0.0007948723058317217,1,0
2026-08-06 16:45:00+00:00,0.001145720319800425,769.0065063476562,771.56109375,0.000857741258096352,0,0
2026-08-06 17:00:00+00:00,-0.00102741240106774,768.8090026855468,771.4778930664063,0.0008966849892349674,0,1
2026-08-06 17:15:00+00:00,-0.0004425658745796923,768.493505859375,771.4030932617187,0.00076168337735696,1,0
2026-08-06 17:30:00+00:00,0.0004037320131982103,768.3115051269531,771.3222937011719,0.0007254793333176538,1,0
2026-08-06 17:45:00+00:00,0.0006382891150134018,768.250537109375,771.2475,0.0007277138464583256,1,0
2026-08-06 18:00:00+00:00,0.0007151456428327041,768.3355346679688,771.1967004394531,0.0006513208545075206,1,0
2026-08-06 18:15:00+00:00,0.00032502145451074327,768.4660339355469,771.1439001464844,0.0006399885361367795,0,0
2026-08-06 18:30:00+00:00,-0.000844733614615012,768.5460388183594,771.0619006347656,0.0007105649835695913,1,0
2026-08-06 18:45:00+00:00,0.00023412766841235388,768.6160400390625,770.9947009277344,0.0007064400097472426,1,0
2026-08-06 19:00:00+00:00,0.0004811630079784024,768.7410400390625,770.9163012695312,0.0007060305314249417,0,0
2026-08-06 19:15:00+00:00,-0.000870944757682901,768.71103515625,770.8639001464844,0.0006816899445170401,0,0
2026-08-06 19:30:00+00:00,-0.0004553061147516413,768.7250366210938,770.7005004882812,0.0006097106113028715,1,0
2026-08-06 19:45:00+00:00,0.0002863840623972269,768.7950378417969,770.5370288085937,0.0005917885135600264,1,0
2026-08-07 13:30:00+00:00,0.004502050415213343,769.1800354003906,770.4536291503906,0.0015213118060406195,0,0
2026-08-07 13:45:00+00:00,-0.0012302064058650197,769.4210327148437,770.3788171386718,0.0016144849037856292,0,1
2026-08-07 14:00:00+00:00,-0.0015502594689791316,769.4875305175781,770.2950170898438,0.0017082029863786658,1,1
2026-08-07 14:15:00+00:00,0.00434507188535127,769.8635314941406,770.2894177246094,0.00217853651563373,0,0
2026-08-07 14:30:00+00:00,-0.0015649736401602832,770.1835266113281,770.2678173828125,0.0022386339637788448,1,0
2026-08-07 14:45:00+00:00,0.0011658649664929577,770.5755249023438,770.2912170410157,0.0022495075242926666,1,0
2026-08-07 15:00:00+00:00,0.00027173943086822305,770.9515258789063,770.3128173828125,0.0022507894428943466,1,0
2026-08-07 15:15:00+00:00,0.0007243626733506314,771.4505310058594,770.3729174804688,0.0021995685847743278,0,0
2026-08-07 15:30:00+00:00,-0.0006269584067888356,771.9360290527344,770.4274169921875,0.00220979414198729,0,0
2026-08-07 15:45:00+00:00,-0.0001745406663569149,772.3860290527343,770.4460180664063,0.002222581261485359,0,0
2026-08-07 16:00:00+00:00,-2.589748197523445e-05,772.4880310058594,770.4744177246093,0.0017464087392235971,0,0
2026-08-07 16:15:00+00:00,-0.0016623771535340115,772.5565002441406,770.4718676757813,0.0017887371366328998,1,0
2026-08-07 16:30:00+00:00,0.0011209320637504128,772.831005859375,770.4936682128906,0.001714447841909719,0,0
2026-08-07 16:45:00+00:00,-0.0008089672119426794,772.7085083007812,770.5061682128907,0.0010141036482138113,1,0
2026-08-07 17:00:00+00:00,0.00011654131622895747,772.7160095214844,770.513232421875,0.0008862517180389086,1,0
2026-08-07 17:15:00+00:00,4.5377829325454755e-05,772.63701171875,770.5239331054687,0.0007894311848147976,1,0
2026-08-07 17:30:00+00:00,0.00010355794260563655,772.5450073242188,770.531533203125,0.0007823444757350018,0,0
2026-08-07 17:45:00+00:00,0.0,772.3970031738281,770.5361328125,0.0007271932651311132,0,0
2026-08-07 18:00:00+00:00,-0.0007705177827330711,772.2380065917969,770.5360327148437,0.0007380863885623247,0,0
2026-08-07 18:15:00+00:00,-0.00012316590970129493,772.0830017089844,770.5378125,0.0007385051940553101,0,0
2026-08-07 18:30:00+00:00,-0.0006739753580874419,771.8780029296875,770.5224133300782,0.0007498343787897856,1,0
2026-08-07 18:45:00+00:00,0.0009728130883894792,771.8765075683593,770.520615234375,0.0006622123868664398,1,0
2026-08-07 19:00:00+00:00,0.001542033156916034,771.9075073242187,770.5487158203125,0.0007492098008230673,1,0
2026-08-07 19:15:00+00:00,0.0002264041757553681,772.018505859375,770.6154162597657,0.0006878205645593294,0,0
2026-08-07 19:30:00+00:00,-0.0006532417615863206,772.0700073242188,770.65681640625,0.00073282668807117,1,0
2026-08-07 19:45:00+00:00,0.0007118937931251956,772.1730041503906,770.7008166503906,0.0007604389073935278,0,0
2026-08-10 13:30:00+00:00,-0.0005950201463700289,772.2220031738282,770.7230163574219,0.0007948138768496272,1,0
2026-08-10 13:45:00+00:00,0.001047059540047357,772.351904296875,770.7833959960938,0.000852370554789704,1,0
2026-08-10 14:00:00+00:00,0.0009645282752059892,772.6159057617188,770.8647961425781,0.0008158115984066675,1,0
2026-08-10 14:15:00+00:00,0.00018076840209335643,772.9034057617188,770.9321960449219,0.0008021053250151108,1,0
2026-08-10 14:30:00+00:00,0.00031638605467376735,773.2674011230469,771.0249951171875,0.000714971414931439,0,0
2026-08-10 14:45:00+00:00,-0.0014006725686755983,773.447900390625,771.1104956054687,0.0009000232161600606,1,1
2026-08-10 15:00:00+00:00,0.0003942944480785915,773.5398986816406,771.2202954101563,0.0007798447959408998,0,0
2026-08-10 15:15:00+00:00,-0.00010340529979369073,773.606396484375,771.3325952148438,0.0007817807667790312,1,0
2026-08-10 15:30:00+00:00,6.460541473840564e-05,773.7283935546875,771.4487951660157,0.000738068609012056,1,0
2026-08-10 15:45:00+00:00,0.0006720422156096806,773.8473937988281,771.569794921875,0.0007348464076352524,0,0
2026-08-10 16:00:00+00:00,-0.0006844393891203282,773.9593994140625,771.6837951660157,0.0007454419659004701,0,0
2026-08-10 16:15:00+00:00,-0.0005299105225811118,773.9494995117187,771.7719946289062,0.0006987791700678933,0,0
2026-08-10 16:30:00+00:00,-0.0015646883321729366,773.7439880371094,771.8517932128906,0.0007607916551613756,1,0
2026-08-10 16:45:00+00:00,0.0010232337696707283,773.6034912109375,771.9541931152344,0.0008563451559135137,1,0
2026-08-10 17:00:00+00:00,0.00020696441167578072,773.4544921875,772.0535925292969,0.0008499551311748838,0,0
2026-08-10 17:15:00+00:00,-6.315805761714088e-07,773.4139404296875,772.1431762695313,0.0007365149011738178,0,0
2026-08-10 17:30:00+00:00,-0.0005943176975462539,773.2969421386719,772.2125769042968,0.0007362743739783473,1,0
2026-08-10 17:45:00+00:00,0.00011517408270322882,773.1968444824219,772.2787573242188,0.0007410749841495697,0,0
2026-08-10 18:00:00+00:00,-7.63789520775715e-05,773.0858459472656,772.3567565917969,0.0007383142937457902,0,0
2026-08-10 18:15:00+00:00,-0.0001940821301544826,772.9078491210937,772.4281567382812,0.000680584637634804,1,0
2026-08-10 18:30:00+00:00,0.0004595037801613522,772.8183471679688,772.4992565917969,0.00069174396556096,1,0
2026-08-10 18:45:00+00:00,0.0003946158509060549,772.8003479003906,772.5898571777344,0.0006919874153964652,1,0
2026-08-10 19:00:00+00:00,0.0001422488019959811,772.91435546875,772.6896569824219,0.0004306283800851281,0,0
2026-08-10 19:15:00+00:00,-0.0004784625928204722,772.912353515625,772.77765625,0.00034460558835731816,1,0
2026-08-10 19:30:00+00:00,0.00020057352974278686,772.9098571777344,772.7995568847656,0.0003441795510557951,0,0
2026-08-10 19:45:00+00:00,-1.942172983659951e-05,772.905908203125,772.8401513671874,0.00034421540810670667,1,0
2026-08-11 13:30:00+00:00,0.00029748983477717594,772.9709045410157,772.9092517089844,0.000285020171319595,1,0
2026-08-11 13:45:00+00:00,0.0004073483077444706,773.0585021972656,772.9177514648437,0.0003029669130739369,1,0
2026-08-11 14:00:00+00:00,0.00021333488179964277,773.168505859375,772.9537524414062,0.00029659377909360885,1,0
2026-08-11 14:15:00+00:00,0.00011626795330221817,773.3025024414062,772.9735522460937,0.0002727625383987646,0,0
2026-08-11 14:30:00+00:00,-0.0006462610948454461,773.3509887695312,772.9791491699219,0.0003554654351868485,1,0
2026-08-11 14:45:00+00:00,0.0003234184302098875,773.3939880371094,772.9785485839843,0.00034872953370909974,0,0
2026-08-11 15:00:00+00:00,-0.0012409477246135836,773.3299865722656,772.9684484863282,0.0005350870833678819,0,1
2026-08-11 15:15:00+00:00,-0.0003351696437888796,773.2770874023438,772.9558679199218,0.0005251363365049218,0,0
2026-08-11 15:30:00+00:00,-0.00028613155666790124,773.1865844726562,772.939267578125,0.000519972993551452,0,0
2026-08-11 15:45:00+00:00,-0.0002330967876511547,773.0795837402344,772.9447680664063,0.000519907617534608,0,0
2026-08-11 16:00:00+00:00,-5.826801833708206e-05,772.9450866699219,772.9320678710938,0.0004984997683336376,0,0
2026-08-11 16:15:00+00:00,-0.00017623742351480232,772.7654846191406,772.9291467285157,0.0004551627105049132,0,0
2026-08-11 16:30:00+00:00,-0.00030959673976838076,772.5454833984375,772.9196472167969,0.00042747149503835613,0,0
2026-08-11 16:45:00+00:00,-0.0005702615822864576,772.2724853515625,772.9006469726562,0.0004107390292071586,0,0
2026-08-11 17:00:00+00:00,-0.001054822097015129,771.9681579589844,772.863779296875,0.00046043583058846935,1,1
2026-08-11 17:15:00+00:00,0.0006794215147716276,771.6911560058594,772.8373791503906,0.000530509227907433,1,0
2026-08-11 17:30:00+00:00,0.0005449101104182397,771.5521606445312,772.831279296875,0.0005001673828929556,0,0
2026-08-11 17:45:00+00:00,-3.901400452399617e-05,771.4360534667969,772.8264782714843,0.0004987195853009211,0,0
2026-08-11 18:00:00+00:00,-0.0005250081216398028,771.3015563964843,772.8239782714844,0.0005115049876820936,0,0
2026-08-11 18:15:00+00:00,-0.0017319166029065025,771.0515563964843,772.7797778320313,0.0007112672821665951,1,0
2026-08-11 18:30:00+00:00,0.0003768395417071968,770.8350524902344,772.7175769042968,0.0007419800868384423,1,0
2026-08-11 18:45:00+00:00,0.00037027525406085893,770.6606567382812,772.6575769042969,0.0007701121920883777,1,0
2026-08-11 19:00:00+00:00,0.00021423630779926484,770.5266540527343,772.6109765625,0.0007815190273288065,1,0
2026-08-11 19:15:00+00:00,0.0005063547120149892,770.4756530761719,772.5611767578125,0.0007948370527185829,1,0
2026-08-11 19:30:00+00:00,0.0001103278773439964,770.5144958496094,772.5222778320312,0.0007151659409895873,0,0
2026-08-11 19:45:00+00:00,-0.000304971848904656,770.4774963378907,772.4624975585938,0.0006861613599906248,1,0
2026-08-12 13:30:00+00:00,0.003023477400641239,770.6314453125,772.4343872070312,0.0011881100890216857,0,0
2026-08-12 13:45:00+00:00,-0.0002840058503941201,770.766455078125,772.3990881347656,0.0011960867464548073,0,0
2026-08-12 14:00:00+00:00,-0.00027184142346625695,770.9209533691406,772.3546887207032,0.0011822095184386224,1,0
2026-08-12 14:15:00+00:00,0.0005372718412184341,771.2504516601563,772.3402880859375,0.0009684535456934222,1,0
2026-08-12 14:30:00+00:00,0.00034293008404318037,771.5774536132812,772.325087890625,0.0009687111216723718,0,0
2026-08-12 14:45:00+00:00,-0.0010866256928591111,771.7919494628907,772.2946875,0.0010808247926926645,0,1
2026-08-12 15:00:00+00:00,-6.47325825091638e-05,771.9849487304688,772.2622875976563,0.0010862604894577815,1,0
2026-08-12 15:15:00+00:00,0.00025902613602957203,772.1589477539062,772.2234875488281,0.0010826052990569799,0,0
2026-08-12 15:30:00+00:00,-0.000737997757321307,772.2674438476563,772.18388671875,0.001125087617486681,1,0
2026-08-12 15:45:00+00:00,0.0002980584446030665,772.4224487304688,772.1570874023438,0.0011146253014863588,1,0
2026-08-12 16:00:00+00:00,0.0006345195723911345,772.3934875488281,772.164287109375,0.0005612497428056796,0,0
2026-08-12 16:15:00+00:00,-9.046401799606141e-05,772.3794860839844,772.154287109375,0.000555101955835764,1,0
2026-08-12 16:30:00+00:00,0.00037540037900352097,772.4154846191407,772.1468872070312,0.0005599266924669215,1,0
2026-08-12 16:45:00+00:00,0.0002135764482047442,772.4264892578125,772.1427978515625,0.0005373179558245376,1,0
2026-08-12 17:00:00+00:00,0.0001617275024250464,772.4234924316406,772.1503979492187,0.0005279808511181444,0,0
2026-08-12 17:15:00+00:00,-0.0003234027017390284,772.4794982910156,772.1512182617188,0.00039160395643367436,1,0
2026-08-12 17:30:00+00:00,0.00012937133744062024,772.5505004882813,772.1552185058594,0.00038884290521074125,0,0
2026-08-12 17:45:00+00:00,-9.042186816154985e-05,772.5945129394531,772.1608203125,0.0003878638013954979,1,0
2026-08-12 18:00:00+00:00,0.000388019922410221,772.7255126953125,772.1653198242187,0.0002798061637134824,0,0
2026-08-12 18:15:00+00:00,-2.5815856051436548e-05,772.8315124511719,772.1633203125,0.00028202534782401626,1,0
2026-08-12 18:30:00+00:00,0.0005432522676105389,772.9305236816406,772.1675207519531,0.00026511479873259704,0,0
2026-08-12 18:45:00+00:00,-0.0005817794228255568,772.9915222167969,772.1701208496094,0.0003439341198826778,1,0
2026-08-12 19:00:00+00:00,1.2948239019650032e-05,773.0245239257813,772.1698205566406,0.0003279538222481655,0,0
2026-08-12 19:15:00+00:00,-0.0001164536906306246,773.0320190429687,772.1680200195312,0.0003254490817588933,0,0
2026-08-12 19:30:00+00:00,-0.0001487622413005596,773.0155151367187,772.1593200683594,0.0003241465982777606,0,0
2026-08-12 19:45:00+00:00,-0.0004463531243928953,772.9895141601562,772.1374206542969,0.0003388756749699218,1,0
2026-08-13 13:30:00+00:00,0.00412934598554715,773.2725158691406,772.1760205078125,0.0013637002750081938,1,0
2026-08-13 13:45:00+00:00,0.002449321686053052,773.7525024414062,772.2508203125,0.0014989612259117462,1,0
2026-08-13 14:00:00+00:00,0.0011574239413292275,774.2925048828125,772.353623046875,0.0015054420272592169,1,0
2026-08-13 14:15:00+00:00,0.0008734539919224016,774.9025024414062,772.4650231933593,0.001484154954326634,0,0
2026-08-13 14:30:00+00:00,-0.0007963184800797718,775.4084533691406,772.5832141113282,0.0015667774850596377,0,0
2026-08-13 14:45:00+00:00,-0.0010397392365666391,775.8784545898437,772.6903942871094,0.00161290274178092,0,1
2026-08-13 15:00:00+00:00,-0.0008228947752538796,776.2834533691406,772.7891943359375,0.0016678578786563888,0,0
2026-08-13 15:15:00+00:00,-0.001222478141085559,776.6024536132812,772.8725939941406,0.0017497050293014825,0,1
2026-08-13 15:30:00+00:00,-0.00026406078462226645,776.9124572753906,772.9527941894531,0.0017541944492185846,0,0
2026-08-13 15:45:00+00:00,-0.0006121881845870814,777.2094543457031,773.0262145996094,0.0017638604053331253,1,0
2026-08-13 16:00:00+00:00,0.00025791720015733155,777.2074523925781,773.1084143066406,0.0011784879049629394,1,0
2026-08-13 16:15:00+00:00,0.0010700371117731144,777.0984558105469,773.2160144042969,0.0009098026193461473,0,0
2026-08-13 16:30:00+00:00,-0.00010304575262853888,776.891455078125,773.3382824707031,0.0007894538321423732,1,0
2026-08-13 16:45:00+00:00,0.0003348742527529147,776.6424560546875,773.455283203125,0.0007182461197350104,1,0
2026-08-13 17:00:00+00:00,0.0006308616282657553,776.5045043945313,773.5736828613282,0.0007539430644766151,0,0
2026-08-13 17:15:00+00:00,-0.00010295692120643185,776.439501953125,773.691083984375,0.0006903632579854218,0,0
2026-08-13 17:30:00+00:00,-0.0006305288100928452,776.389501953125,773.8067834472656,0.0006698430390276332,1,0
2026-08-13 17:45:00+00:00,0.0001609538780689146,776.4470031738281,773.9516833496094,0.0005328941375415261,1,0
2026-08-13 18:00:00+00:00,0.0004313152640342821,776.5585021972656,774.0974841308594,0.0005292091155987655,0,0
2026-08-13 18:15:00+00:00,-0.00012873400279722613,776.7075012207031,774.2355834960938,0.00047140663767898503,1,0
2026-08-13 18:30:00+00:00,0.0008205001712484616,776.9002502441406,774.3831335449219,0.0005119632496604674,1,0
2026-08-13 18:45:00+00:00,0.00015752932482548943,777.0222473144531,774.5253332519532,0.00042278550241668276,1,0
2026-08-13 19:00:00+00:00,0.0002829116941960308,777.1742492675781,774.6702331542969,0.0004139246459765069,1,0
2026-08-13 19:15:00+00:00,9.006678671918955e-05,777.3072570800781,774.8212353515624,0.00041201199477078045,0,0
2026-08-13 19:30:00+00:00,-0.00039859593190527676,777.36025390625,774.9194445800781,0.00041300640090943824,1,0
2026-08-13 19:45:00+00:00,7.722393150810802e-05,777.4272583007812,775.0232446289062,0.0004086144857145292,1,0
2026-08-14 13:30:00+00:00,0.0007713949488776795,777.6032592773438,775.1432446289062,0.0003744277109910194,1,0
2026-08-14 13:45:00+00:00,6.422029427155529e-05,777.7717590332031,775.2559448242188,0.00037754459218122236,0,0
2026-08-14 14:00:00+00:00,-0.00019264851087097412,777.8917602539062,775.3603454589844,0.0003895205845250599,0,0
2026-08-14 14:15:00+00:00,-0.0011179217243050266,777.9347595214844,775.4641455078125,0.000558400400828709,0,1
2026-08-14 14:30:00+00:00,-0.00036012949587760357,777.8860107421875,775.5633459472656,0.0005004839564236391,0,0
2026-08-14 14:45:00+00:00,-0.0005018653841531995,777.7860107421875,775.6507458496094,0.0005115750735903698,0,0
2026-08-14 15:00:00+00:00,-0.00036688357508829483,777.6355102539062,775.7438464355469,0.0004944897071149378,0,0
2026-08-14 15:15:00+00:00,-0.00019966294693551934,777.4625,775.8292456054687,0.00048441329079380624,0,0
2026-08-14 15:30:00+00:00,-0.00032204045334427445,777.2955017089844,775.8998474121094,0.00048191937570776436,1,0
2026-08-14 15:45:00+00:00,0.00021903603225315038,777.1394958496094,775.9752465820312,0.0004934177964082894,1,0
2026-08-14 16:00:00+00:00,0.0004251592361697032,776.956494140625,776.0514465332031,0.00042503959821077583,1,0
2026-08-14 16:15:00+00:00,0.0002060835518680193,776.7844970703125,776.1275463867188,0.00043830671399723543,0,0
2026-08-14 16:30:00+00:00,-0.0007403177386212656,776.5699951171875,776.1896459960938,0.000467595774571191,0,0
2026-08-14 16:45:00+00:00,-0.0005604663533025356,776.3989990234375,776.2480456542969,0.0003813227044483488,1,0
2026-08-14 17:00:00+00:00,0.0004640780532390032,776.2919982910156,776.3116455078125,0.00043323549497008756,0,0
2026-08-14 17:15:00+00:00,-0.0003736541353194234,776.1950012207031,776.3708435058594,0.00042303768856933265,0,0
2026-08-14 17:30:00+00:00,-0.00021919375721068945,776.1094970703125,776.4206433105469,0.0004161720010969243,1,0
2026-08-14 17:45:00+00:00,0.00029659813195892504,776.0625,776.4754431152344,0.00043353129079624014,1,0
2026-08-14 18:00:00+00:00,0.0004252942621698619,776.0734985351562,776.5284423828125,0.00044761639393650984,0,0
2026-08-14 18:15:00+00:00,-0.00030275376171551294,776.0440002441406,776.5857421875,0.00045148935899226085,1,0
2026-08-14 18:30:00+00:00,0.00036734759696077646,776.0100036621094,776.6485424804688,0.000445227696677752,0,0
2026-08-14 18:45:00+00:00,-2.579138465530484e-05,775.9580017089844,776.7127429199219,0.000436730574095312,0,0
2026-08-14 19:00:00+00:00,-0.00018038708047918295,775.9494995117187,776.7764428710938,0.00037187545724962583,1,0
2026-08-14 19:15:00+00:00,0.00013535404362929881,775.9950012207031,776.8491430664062,0.0003189501366909158,1,0
2026-08-14 19:30:00+00:00,1.2817968180645067e-05,776.0054992675781,776.8582421875,0.00028537756385415045,1,0
2026-08-14 19:45:00+00:00,0.00017394467599940455,776.05849609375,776.8320422363281,0.00025358796535916034,0,0
2026-08-17 13:30:00+00:00,-0.0009467800632743106,776.0549987792969,776.7731420898438,0.0004046386545495119,0,1
2026-08-17 13:45:00+00:00,-0.0003539034082149506,776.0010498046875,776.6951525878907,0.00040315191969791605,1,0
2026-08-17 14:00:00+00:00,0.0004765256220105041,775.9510498046875,776.6369616699219,0.0004103984408585351,0,0
2026-08-17 14:15:00+00:00,-0.0002577819905601464,775.9045532226562,776.5909619140625,0.00040773362615775327,0,0
2026-08-17 14:30:00+00:00,-0.0004369098892833545,775.7956726074219,776.550986328125,0.00039316224775312744,1,0
2026-08-17 14:45:00+00:00,0.00019197476201182617,775.7036743164062,776.5329870605469,0.0004060291736058951,1,0
2026-08-17 15:00:00+00:00,7.738924127376201e-05,775.6316772460938,776.5202868652344,0.0004098295612344923,1,0
2026-08-17 15:15:00+00:00,0.0004965753384218452,775.5876770019531,776.5247875976562,0.0004464499199889817,0,0
2026-08-17 15:30:00+00:00,-0.0007928830153316468,775.4811767578125,776.5129870605468,0.0005017981432357526,1,0
2026-08-17 15:45:00+00:00,0.0002580469788817652,775.3811767578125,776.4885864257812,0.0005082553699436046,1,0
2026-08-17 16:00:00+00:00,0.00010320790804030366,775.3626770019531,776.4673864746094,0.00042155100532842747,0,0
2026-08-17 16:15:00+00:00,-0.00011610675398099346,775.3626220703125,776.4391857910156,0.0004073264204069688,0,0
2026-08-17 16:30:00+00:00,-0.000451412498363446,775.290625,776.3941857910156,0.0003921210221770452,0,0
2026-08-17 16:45:00+00:00,-0.000335522446648584,775.2126220703125,776.3455859375,0.00039650170118948007,0,0
2026-08-17 17:00:00+00:00,-0.0004776102657686465,775.1315002441406,776.2993859863282,0.0004005263294980574,0,0
2026-08-17 17:15:00+00:00,-0.0009427496365171928,774.9625,776.2360864257812,0.00046302063926406635,1,1
2026-08-17 17:30:00+00:00,0.00025855399908558674,774.8075012207031,776.1700866699218,0.0004791309781753621,0,0
2026-08-17 17:45:00+00:00,-0.000478244641025416,774.5769958496094,776.0986865234376,0.00041677243285525954,1,0
2026-08-17 18:00:00+00:00,0.0003620709670144606,774.4359985351563,776.02013671875,0.00042419419216886,0,0
2026-08-17 18:15:00+00:00,-0.0001292191777353402,774.2650024414063,775.9371374511719,0.0003963207836396843,1,0
2026-08-17 18:30:00+00:00,1.286046888315795e-05,774.0869995117188,775.8499365234375,0.00038907993716985427,0,0
2026-08-17 18:45:00+00:00,-8.402590932998777e-05,773.9114990234375,775.7600341796875,0.00039025145920621785,0,0
2026-08-17 19:00:00+00:00,-0.0004200859471861218,773.7385009765625,775.6698352050781,0.0003883668710364351,0,0
2026-08-17 19:15:00+00:00,-0.00011643260292859559,773.5825012207031,775.5766345214844,0.00038751756700180324,0,0
2026-08-17 19:30:00+00:00,-0.00018110338540178184,773.4494995117187,775.4686340332031,0.00037519022423831874,0,0
2026-08-17 19:45:00+00:00,-0.00038809257749061743,773.3594970703125,775.3536340332031,0.0002766075692395486,0,0
2026-08-18 13:30:00+00:00,-0.0050861840775399125,772.856494140625,775.1630334472657,0.0015772848355796116,0,1
2026-08-18 13:45:00+00:00,-0.0003642657520325221,772.3624938964844,774.9842333984375,0.0015790814802907796,0,0
2026-08-18 14:00:00+00:00,-0.0004944159982056551,771.8024963378906,774.8034338378907,0.0015415043981029742,1,0
2026-08-18 14:15:00+00:00,0.0007420305812273487,771.3094909667968,774.6418334960938,0.0016023457371484228,0,0
2026-08-18 14:30:00+00:00,-0.00033818429416232476,770.7894958496094,774.4807336425781,0.0015903030323625904,0,0
2026-08-18 14:45:00+00:00,-0.0006247286421838805,770.2279968261719,774.3131335449219,0.0015771879029120332,0,0
2026-08-18 15:00:00+00:00,-0.00026045969825305715,769.6789916992187,774.146533203125,0.0015814429905123308,1,0
2026-08-18 15:15:00+00:00,0.00015638013458718625,769.1509948730469,773.9789343261718,0.0015951368043257636,1,0
2026-08-18 15:30:00+00:00,0.0002864798596471374,768.6589965820312,773.8091345214843,0.001618199419969705,1,0
2026-08-18 15:45:00+00:00,0.00037754606185136375,768.2259948730468,773.64193359375,0.001649109975248828,1,0
2026-08-18 16:00:00+00:00,0.00026031393686021254,768.2059936523438,773.4902331542969,0.0004484969754458627,0,0
2026-08-18 16:15:00+00:00,-0.00044234705056567236,768.1799987792969,773.3404333496094,0.0004556641286601836,1,0
2026-08-18 16:30:00+00:00,0.00020824141830444454,768.2079956054688,773.1866333007813,0.0004301971095628919,1,0
2026-08-18 16:45:00+00:00,0.0003383913573893338,768.2049987792968,773.0438330078125,0.00037159124627684267,0,0
2026-08-18 17:00:00+00:00,-1.3022866088285845e-05,768.2269958496094,772.9042333984376,0.00035283668867121205,0,0
2026-08-18 17:15:00+00:00,-0.0004163400981650467,768.2649963378906,772.7536328125,0.00031397120252955266,0,0
2026-08-18 17:30:00+00:00,-0.00027327989175573997,768.302001953125,772.5922338867188,0.0003154004723745523,0,0
2026-08-18 17:45:00+00:00,-0.0006119487584099748,768.2799987792969,772.4261340332031,0.00037422711377778405,1,0
2026-08-18 18:00:00+00:00,0.0005732034655234752,768.2799987792969,772.2631335449219,0.0004102956246923899,1,0
2026-08-18 18:15:00+00:00,0.0003905785927171834,768.2809997558594,772.106533203125,0.0004116463079628598,0,0
2026-08-18 18:30:00+00:00,-0.00035134377276324624,768.2350036621094,771.947333984375,0.00041433047682091004,0,0
2026-08-18 18:45:00+00:00,-0.0005077720511932338,768.1840026855468,771.7782336425781,0.0004214970802971194,0,0
2026-08-18 19:00:00+00:00,-0.00010422963211076386,768.1090026855469,771.607333984375,0.0004103144678983342,1,0
2026-08-18 19:15:00+00:00,0.0005211229730948119,768.0480041503906,771.4417346191407,0.00043520156185043214,0,0
2026-08-18 19:30:00+00:00,-0.00016275617408556542,767.9755065917968,771.2883349609375,0.0004352435976463143,0,0
2026-08-18 19:45:00+00:00,-0.0006576483372958686,767.8845092773438,771.1303247070313,0.0004610100970264324,1,0
2026-08-19 13:30:00+00:00,0.0035313997912020945,768.0855041503906,771.0191247558594,0.0012365867344556107,0,0
2026-08-19 13:45:00+00:00,-0.00014281957544381996,768.3225036621094,770.9097241210937,0.0012083206038989952,0,0
2026-08-19 14:00:00+00:00,-0.0016233977270528888,768.3905029296875,770.782099609375,0.0013466866196398806,1,0
2026-08-19 14:15:00+00:00,0.001678121444035563,768.5575073242187,770.6772998046876,0.0014371985583953844,1,0
2026-08-19 14:30:00+00:00,0.0013369348483835974,768.8544555664063,770.5918896484375,0.0014618277405450484,1,0
2026-08-19 14:45:00+00:00,0.0014791373635432148,769.3044555664062,770.5215893554688,0.0014617434120474141,0,0
2026-08-19 15:00:00+00:00,-0.0004921068075697255,769.7244567871094,770.4559899902343,0.0014870095240192753,0,0
2026-08-19 15:15:00+00:00,-0.0009215927343001473,770.0333251953125,770.3721643066406,0.0015580667312533097,0,1
2026-08-19 15:30:00+00:00,-0.0007895458587626747,770.2938110351563,770.2745617675781,0.0015954920458847524,1,0
2026-08-19 15:45:00+00:00,0.00015708336666975242,770.6169006347657,770.1811804199219,0.0015592868247837335,1,0
2026-08-19 16:00:00+00:00,0.0012056215132554282,770.7619018554688,770.1133801269531,0.0011682842727409994,0,0
2026-08-19 16:15:00+00:00,-0.0011405675545790306,770.8299011230469,770.0331799316406,0.0012401423371453818,0,0
2026-08-19 16:30:00+00:00,-0.00035678485603907184,770.9954040527343,769.9548803710937,0.0011029074488673363,0,0
2026-08-19 16:45:00+00:00,-0.0009281301635410966,770.960400390625,769.8768798828125,0.0010240277387870281,1,0
2026-08-19 17:00:00+00:00,0.0001884153578499692,770.8369506835937,769.7977795410156,0.000909855646225594,0,0
2026-08-19 17:15:00+00:00,-0.0003312504514259018,770.5739501953125,769.7209802246093,0.0007044221061467256,1,0
2026-08-19 17:30:00+00:00,2.4665635891540916e-05,770.3508483886719,769.6389599609375,0.0007110203337809646,0,0
2026-08-19 17:45:00+00:00,-0.0001057185905943836,770.1907409667969,769.5573120117188,0.0006763581416706577,0,0
2026-08-19 18:00:00+00:00,-0.00010089142171476606,770.0837524414062,769.4739123535156,0.0006448491133634947,1,0
2026-08-19 18:15:00+00:00,0.00019498123999661665,769.9796630859375,769.3948132324218,0.0006468890836719955,1,0
2026-08-19 18:30:00+00:00,0.0002988389298614891,769.8056640625,769.3268127441406,0.0004801592188346172,0,0
2026-08-19 18:45:00+00:00,-0.0003831892429193573,769.6901672363281,769.2547131347657,0.00036596134661442557,1,0
2026-08-19 19:00:00+00:00,0.00025341587949112565,769.6216674804688,769.1893139648438,0.0003782980869577657,0,0
2026-08-19 19:15:00+00:00,-0.00010395744833702203,769.6166687011719,769.1283142089844,0.0002394335364601123,0,0
2026-08-19 19:30:00+00:00,-0.0008185814986623186,769.5341674804688,769.1333142089844,0.0003392963754506985,1,0
2026-08-19 19:45:00+00:00,0.00011707003311922648,769.4861694335938,769.1457153320313,0.0003360009132157147,0,0
2026-08-20 13:30:00+00:00,-0.0022429579904277297,769.26376953125,769.1312145996094,0.0007637188162003968,0,1
2026-08-20 13:45:00+00:00,-0.0010620792605580132,768.9680053710938,769.0890148925781,0.0007973431846133571,0,1
2026-08-20 14:00:00+00:00,-0.0007231378225684981,768.6245727539062,769.040927734375,0.0007970107711809554,1,0
2026-08-20 14:15:00+00:00,0.0002928269819626461,768.2885681152344,769.0069274902344,0.0008063135806724693,1,0
2026-08-20 14:30:00+00:00,0.0012398687626993254,768.0245666503906,768.995927734375,0.0009447798183619779,0,0
2026-08-20 14:45:00+00:00,-2.601574167182541e-05,767.7880676269531,768.9821276855469,0.0009498326313480213,0,0
2026-08-20 15:00:00+00:00,-0.00046932982501535214,767.4960632324219,768.9567272949218,0.0009297057032203618,0,0
2026-08-20 15:15:00+00:00,-5.213686731608824e-05,767.2080627441406,768.9247277832031,0.0009315555715634251,0,0
2026-08-20 15:30:00+00:00,-0.0018128655343169209,766.8440612792969,768.860927734375,0.0010318857471644054,1,1
2026-08-20 15:45:00+00:00,0.0006272100881858922,766.5190612792969,768.8135278320312,0.0010760133492371572,0,0
2026-08-20 16:00:00+00:00,-0.0004243865502377986,766.3340637207032,768.7564282226563,0.000867741271993434,1,0
2026-08-20 16:15:00+00:00,0.0003004258105316904,766.253564453125,768.6987280273438,0.0008306701081695919,1,0
2026-08-20 16:30:00+00:00,0.0011688219145500334,766.3179992675781,768.6591284179688,0.0008876787215916901,0,0
2026-08-20 16:45:00+00:00,-0.00028700789689684036,766.3380004882813,768.6215283203124,0.0008914838678681022,0,0
2026-08-20 17:00:00+00:00,-0.001174243102964323,766.1730041503906,768.5701281738282,0.0008523964413112901,0,1
2026-08-20 17:15:00+00:00,-0.0009666504016813127,765.9360046386719,768.5133288574219,0.0008806619990989683,0,1
2026-08-20 17:30:00+00:00,-0.00043151896911741705,765.7020080566406,768.4411291503907,0.0008799781257803975,1,0
2026-08-20 17:45:00+00:00,0.00011768698917635767,765.481005859375,768.3647290039063,0.0008870158396347842,0,0
2026-08-20 18:00:00+00:00,-0.0012556059396355845,765.3030090332031,768.2745288085938,0.0007931265935595722,0,1
2026-08-20 18:15:00+00:00,-2.621798737778569e-05,765.0750061035156,768.191728515625,0.0007395319178278921,0,0
2026-08-20 18:30:00+00:00,-9.432328121561362e-06,764.8787841796875,768.1103845214843,0.0007432763766619737,0,0
2026-08-20 18:45:00+00:00,-0.00040967065756492005,764.6282836914063,768.0147839355469,0.0007176495441734151,1,0
2026-08-20 19:00:00+00:00,0.000393045171646067,764.3182800292968,767.9276831054688,0.0005632634239481772,0,0
2026-08-20 19:15:00+00:00,-6.54684684591178e-05,764.0252807617187,767.8496826171875,0.0005726959308000416,0,0
2026-08-20 19:30:00+00:00,-0.0005108313840732626,763.7832763671875,767.7096826171875,0.0005052869421171167,0,0
2026-08-20 19:45:00+00:00,-0.0006027531807307751,763.5692749023438,767.5626831054688,0.0004647356248568286,1,0
2026-08-21 13:30:00+00:00,0.0033042568547303475,763.6402709960937,767.4910827636719,0.0012189577877833044,0,0
2026-08-21 13:45:00+00:00,-0.0008463367538047439,763.6375122070312,767.3807299804688,0.0012544365038574877,1,0
2026-08-21 14:00:00+00:00,0.00025850704120333745,763.7505126953125,767.253740234375,0.0011753160606333443,0,0
2026-08-21 14:15:00+00:00,-7.8457921133257e-05,763.8595153808594,767.1027404785157,0.0011762946640637175,0,0
2026-08-21 14:30:00+00:00,-3.927194914821186e-05,763.9662353515625,766.958740234375,0.0011767628712981094,1,0
2026-08-21 14:45:00+00:00,0.0015630370669919014,764.2237487792969,766.8528686523438,0.0012380758260589536,0,0
2026-08-21 15:00:00+00:00,-0.00015031343858729063,764.4397521972656,766.7568713378906,0.001247259998468488,1,0
2026-08-21 15:15:00+00:00,0.0003330349728969395,764.6862548828125,766.6635534667969,0.0012412324314125616,1,0
2026-08-21 15:30:00+00:00,0.00175593954359754,765.1062561035156,766.5785534667968,0.0012784427351062958,0,0
2026-08-21 15:45:00+00:00,-0.00013029530500197062,765.562255859375,766.5091540527344,0.001239247325025077,0,0
2026-08-21 16:00:00+00:00,-0.0012513320612371759,765.6702575683594,766.4260534667969,0.0009329433292787394,1,1
2026-08-21 16:15:00+00:00,0.00035892725199371256,765.8705200195312,766.36275390625,0.0008666509071524286,0,0
2026-08-21 16:30:00+00:00,-0.00018266393451105145,766.0370178222656,766.2937536621093,0.0008780018318012725,1,0
2026-08-21 16:45:00+00:00,1.959177744259577e-05,766.2110168457032,766.2301538085937,0.0008748669403782297,0,0
2026-08-21 17:00:00+00:00,-0.00022331003125541926,766.3709045410156,766.1627514648437,0.0008830040743066161,0,0
2026-08-21 17:15:00+00:00,-0.0005466901072430641,766.3693908691406,766.0885986328125,0.0007681815312320786,0,0
2026-08-21 17:30:00+00:00,-0.00018929028258607428,766.364892578125,766.0130993652343,0.0007691176154107787,0,0
2026-08-21 17:45:00+00:00,-0.0002939138547818354,766.3123901367187,765.9300988769531,0.0007639815916483568,0,0
2026-08-21 18:00:00+00:00,-0.00011753631445510226,766.1163940429688,765.8406994628906,0.00041853980422678754,0,0
2026-08-21 18:15:00+00:00,-7.193366217062014e-05,765.9248901367188,765.7560986328125,0.00042088234628337716,1,0
2026-08-21 18:30:00+00:00,0.00013725802490882621,765.839892578125,765.6696984863281,0.00024681273673452344,1,0
2026-08-21 18:45:00+00:00,0.0010550113036924547,765.8081420898437,765.6010485839844,0.00042667774502378467,0,0
2026-08-21 19:00:00+00:00,-0.0001990698919335232,765.7751403808594,765.5419482421875,0.0004273125552371382,1,0
2026-08-21 19:15:00+00:00,6.533405901842926e-06,765.7411376953125,765.4811474609374,0.00042711997531598753,1,0
2026-08-21 19:30:00+00:00,0.0005482447840854388,765.7662475585937,765.4632470703125,0.0004596386582333888,0,0
2026-08-21 19:45:00+00:00,-0.0010697696196895201,765.7512512207031,765.4452478027343,0.0005531689717216547,0,1
2026-08-24 13:30:00+00:00,-0.004519064667050876,765.4047485351563,765.3691345214844,0.0015310484555645133,1,1
2026-08-24 13:45:00+00:00,0.0015744265907287058,765.2007507324219,765.3125354003906,0.0016610208638799587,0,0
2026-08-24 14:00:00+00:00,-0.0005371227967611025,764.96474609375,765.2287353515625,0.001662164508258971,0,0
2026-08-24 14:15:00+00:00,-7.863582286504744e-05,764.7282470703125,765.1441345214844,0.0016620602957589663,1,0
2026-08-24 14:30:00+00:00,0.001022426092313955,764.5592468261718,765.0823352050782,0.001711263793541472,0,0
2026-08-24 14:45:00+00:00,-7.85616834290126e-05,764.3034973144531,765.0201354980469,0.00165403014917742,0,0
2026-08-24 15:00:00+00:00,-0.0011654898006454584,763.9739990234375,764.9679357910156,0.0016734505976433005,1,1
2026-08-24 15:15:00+00:00,0.00129808233980655,763.7430114746094,764.9259375,0.0017585365753284015,1,0
2026-08-24 15:30:00+00:00,0.0006717750124309863,763.5213317871094,764.9007006835938,0.0017655812539433306,1,0
2026-08-24 15:45:00+00:00,0.00034923863900271357,763.4083374023437,764.8762023925781,0.0017527627193351224,1,0
2026-08-24 16:00:00+00:00,0.000168371175333748,763.6542175292968,764.8363781738282,0.0008452656851571204,1,0
2026-08-24 16:15:00+00:00,0.000315453233339813,763.8042175292969,764.8057788085938,0.000722985426321265,0,0
2026-08-24 16:30:00+00:00,-0.0007583012965731717,763.9372192382813,764.7815783691407,0.0007507733925545443,0,0
2026-08-24 16:45:00+00:00,-0.00015699796884871553,764.0642211914062,764.7697778320312,0.000754109866384647,1,0
2026-08-24 17:00:00+00:00,0.0004318521425161759,764.1462219238281,764.7711779785157,0.0007008865300593495,0,0
2026-08-24 17:15:00+00:00,-0.0014649650611820997,764.1222229003906,764.74837890625,0.0008606916013177857,0,1
2026-08-24 17:30:00+00:00,-0.000386486685717613,764.1577209472656,764.7388781738281,0.000777880476064739,1,0
2026-08-24 17:45:00+00:00,0.00024242740295066234,764.1127075195312,764.7334777832032,0.000650385245951286,1,0
2026-08-24 18:00:00+00:00,0.001270856117865149,764.1133911132813,764.7476220703124,0.0007457524548654573,1,0
2026-08-24 18:15:00+00:00,0.0007065370691177186,764.1413818359375,764.7788220214844,0.0007723674465733112,0,0
2026-08-24 18:30:00+00:00,-0.0006145014521786729,764.1095031738281,764.7946228027344,0.0007968461255223063,0,0
2026-08-24 18:45:00+00:00,-0.0004317730331987457,764.0205017089844,764.8048229980469,0.0007946953987234861,1,0
2026-08-24 19:00:00+00:00,0.00014395988424409367,764.0005004882812,764.8250231933594,0.0007643248118641427,0,0
2026-08-24 19:15:00+00:00,-0.00019625889175789446,763.9775024414063,764.8514233398438,0.0007651733554997339,0,0
2026-08-24 19:30:00+00:00,-0.00039275461999987993,763.8914978027344,764.8214233398437,0.0007542450208964502,0,0
2026-08-24 19:45:00+00:00,-0.00023569740736850697,763.8994934082032,764.8007751464844,0.0005920186001400106,1,0
2026-08-25 13:30:00+00:00,0.003516788425736106,764.2054931640625,764.8298742675781,0.001236763574187959,0,0
2026-08-25 13:45:00+00:00,-0.0006199390464968202,764.4454956054688,764.850673828125,0.0012784099972161726,0,0
2026-08-25 14:00:00+00:00,-0.0006595422183942601,764.5379943847656,764.8619738769531,0.0012636517844274804,0,0
2026-08-25 14:15:00+00:00,-0.0006338145064395118,764.5279968261718,764.8396716308594,0.0012658070517109388,0,0
2026-08-25 14:30:00+00:00,-0.0004577437106133564,764.5299926757813,764.8126708984375,0.0012584708687302774,1,0
2026-08-25 14:45:00+00:00,0.0004840650605160146,764.6019897460938,764.7879699707031,0.001256612276225355,0,0
2026-08-25 15:00:00+00:00,-0.00017008306694166198,764.6499816894532,764.7337683105469,0.0012591717086097205,1,0
2026-08-25 15:15:00+00:00,0.0009418026172340888,764.7849792480469,764.6959680175781,0.0012842653920622142,0,0
2026-08-25 15:30:00+00:00,-0.00018295154758740662,764.9359802246094,764.6745678710937,0.0012756023470041386,1,0
2026-08-25 15:45:00+00:00,0.0003528882957783974,765.131982421875,764.6530676269531,0.0012669020041176668,1,0
2026-08-25 16:00:00+00:00,0.00010453737665727658,765.0674865722656,764.6359680175781,0.0005455932703177717,1,0
2026-08-25 16:15:00+00:00,0.000313499618889157,765.0744873046875,764.6233679199219,0.0005231144358075424,0,0
2026-08-25 16:30:00+00:00,-0.00023505102575982484,765.1139892578125,764.6105908203125,0.00047809874526771184,1,0
2026-08-25 16:45:00+00:00,0.00023510628773393272,765.2199890136719,764.6097912597656,0.00041437840623283163,0,0
2026-08-25 17:00:00+00:00,-0.0006398744099015419,765.3119934082031,764.6020910644531,0.0004462768379594807,0,0
2026-08-25 17:15:00+00:00,-0.0005880436911757103,765.3219970703125,764.5898913574218,0.0004769291327801554,1,0
2026-08-25 17:30:00+00:00,6.53588981591735e-05,765.3500061035156,764.5804907226562,0.00047266915126186517,1,0
2026-08-25 17:45:00+00:00,0.0002222376498508538,765.3230041503906,764.5755908203125,0.000361204842057617,0,0
2026-08-25 18:00:00+00:00,-0.000313696331260771,765.2860046386719,764.5637902832032,0.0003694189218504171,1,0
2026-08-25 18:15:00+00:00,0.0002222579927684265,765.2390014648438,764.5392395019531,0.000355711373986809,1,0
2026-08-25 18:30:00+00:00,0.0007451368629474153,765.2409973144531,764.5291394042969,0.00043724673681485085,1,0
2026-08-25 18:45:00+00:00,0.00013067458782689556,765.2289978027344,764.5209399414063,0.00042649716433911894,0,0
2026-08-25 19:00:00+00:00,-0.0006824642947850235,765.1827453613281,764.4938903808594,0.0004730092095614291,1,0
2026-08-25 19:15:00+00:00,4.251861784965172e-05,765.1217468261718,764.4838903808594,0.00046346825369394414,1,0
2026-08-25 19:30:00+00:00,0.00028748702359826517,765.1317443847656,764.547490234375,0.00043051020210907654,1,0
2026-08-25 19:45:00+00:00,0.0006075843819792759,765.2332458496094,764.5963903808594,0.0004105585428484186,1,0
2026-08-26 13:30:00+00:00,0.0006071357498314001,765.3762451171875,764.6627905273438,0.00043566255533245273,1,0
2026-08-26 13:45:00+00:00,0.0007699685043296434,765.5612487792969,764.7421911621094,0.00047339788021998844,0,0
2026-08-26 14:00:00+00:00,-0.0009388983094418268,765.6982482910156,764.7915905761719,0.000583396175657889,0,1
2026-08-26 14:15:00+00:00,-0.0014226161878235777,765.7092529296875,764.820390625,0.0007714605818630677,1,1
2026-08-26 14:30:00+00:00,0.00040518318563975697,765.6942565917968,764.8731909179687,0.0007426463909269846,1,0
2026-08-26 14:45:00+00:00,0.0006009497494048333,765.7152526855468,764.9153881835938,0.0007676699664593432,1,0
2026-08-26 15:00:00+00:00,0.0005615378006749161,765.8315063476563,764.9559252929688,0.0007401041713574947,0,0
2026-08-26 15:15:00+00:00,-0.0005612226529407849,765.9015014648437,764.9825231933594,0.0007738891957651946,1,0
2026-08-26 15:30:00+00:00,0.00028730396983167594,765.9715026855469,765.010947265625,0.0007738840525378767,0,0
2026-08-26 15:45:00+00:00,-0.000979022795344342,765.9200012207032,765.0195471191406,0.000817762781096122,0,1
2026-08-26 16:00:00+00:00,-0.0003788977480905231,765.7930053710937,765.0339477539062,0.0007862909835427274,0,0
2026-08-26 16:15:00+00:00,-0.0003006960447260454,765.5840026855469,765.0461474609375,0.0007143507536353927,0,0
2026-08-26 16:30:00+00:00,-0.0010302874996918066,765.3682067871093,765.0359875488281,0.0007243363074558812,1,1
2026-08-26 16:45:00+00:00,0.0009266173243007714,765.3322021484375,765.0623864746094,0.0006935240060639016,1,0
2026-08-26 17:00:00+00:00,0.0005492781167024674,765.3072021484375,765.1030871582032,0.0007053556485840046,1,0
2026-08-26 17:15:00+00:00,0.0006665574350588344,765.28720703125,765.1502880859375,0.0007121738429783869,1,0
2026-08-26 17:30:00+00:00,3.914094006818303e-05,765.2272033691406,765.1786877441406,0.0006828534162305337,0,0
2026-08-26 17:45:00+00:00,0.0,765.210205078125,765.1962878417969,0.0006614646893275776,0,0
2026-08-26 18:00:00+00:00,-0.00035265324134481357,765.1442016601562,765.2178869628906,0.0006591684245658386,1,0
2026-08-26 18:15:00+00:00,0.00026131382402749814,765.1731994628906,765.2500866699219,0.0005849797472948418,1,0
2026-08-26 18:30:00+00:00,0.0003265370159524217,765.2561950683594,765.2850866699218,0.0005714936724500878,1,0
2026-08-26 18:45:00+00:00,0.0008487509812438176,765.427197265625,765.3360864257812,0.0005951345976315524,1,0
2026-08-26 19:00:00+00:00,0.0006000716646097359,765.7229919433594,765.4022863769532,0.00040710353759681117,0,0
2026-08-26 19:15:00+00:00,-0.00010424926365004694,765.9399963378906,765.4704870605469,0.00038507802086466857,0,0
2026-08-26 19:30:00+00:00,-0.00026080950750539955,766.0949951171875,765.4809875488281,0.000407503982567801,0,0
2026-08-26 19:45:00+00:00,-0.0008869199723694488,766.1309936523437,765.4873876953125,0.0004971683312472077,1,1
2026-08-27 13:30:00+00:00,0.004151372221303351,766.4819946289062,765.5674877929688,0.0013895794570581786,0,0
2026-08-27 13:45:00+00:00,-0.0010198050229920375,766.7545532226562,765.6415991210938,0.0014624644091021485,1,1
2026-08-27 14:00:00+00:00,0.000324634139231339,767.0790588378907,765.7277001953125,0.0014415135983049624,1,0
2026-08-27 14:15:00+00:00,0.0013269392083816722,767.4855590820313,765.8268005371094,0.001467300574600184,0,0
2026-08-27 14:30:00+00:00,-7.144921772617163e-05,767.8615600585938,765.92740234375,0.0014788044175391528,1,0
2026-08-27 14:45:00+00:00,0.001007022191444662,768.2500610351562,766.0291027832031,0.0014838986590903725,1,0
2026-08-27 15:00:00+00:00,0.0005516491957948677,768.6350646972656,766.1421032714844,0.0014836390279920324,0,0
2026-08-27 15:15:00+00:00,-0.0006551527957422421,768.9775634765625,766.2396032714844,0.001518464128510733,0,0
2026-08-27 15:30:00+00:00,-0.0008632546753422066,769.2735656738281,766.3222033691407,0.001561010185891381,1,0
2026-08-27 15:45:00+00:00,0.00128628623786331,769.7365661621094,766.4198034667969,0.0015146137827494112,0,0
2026-08-27 16:00:00+00:00,-1.3147300613636226e-05,769.8805541992188,766.52080078125,0.0008633094173688584,1,0
2026-08-27 16:15:00+00:00,0.00036345635989221137,770.1309936523437,766.6238000488281,0.0007520428430732543,1,0
2026-08-27 16:30:00+00:00,0.0010118292979053312,770.4344909667968,766.7521997070312,0.0007827066137186616,1,0
2026-08-27 16:45:00+00:00,0.0003887413236138837,770.6659912109375,766.8955993652344,0.0007114993090333603,1,0
2026-08-27 17:00:00+00:00,0.0002590865290501565,770.9229919433594,767.0419995117187,0.0006998777704407007,0,0
2026-08-27 17:15:00+00:00,-0.0005698111086844815,771.0584899902344,767.1761999511718,0.0007088830606968244,0,0
2026-08-27 17:30:00+00:00,-0.0001425142229510845,771.1404907226563,767.3130004882812,0.0007019611772505207,0,0
2026-08-27 17:45:00+00:00,-0.0005378661741499702,771.2314880371093,767.4381005859375,0.000688674284387328,0,0
2026-08-27 18:00:00+00:00,-0.0012512118394238936,771.2924865722656,767.5325012207031,0.0007575910227127135,0,1
2026-08-27 18:15:00+00:00,-0.001038594478262156,771.1744873046875,767.6089013671875,0.0007006919167286776,1,1
2026-08-27 18:30:00+00:00,0.0005458151147079704,771.0994995117187,767.7041516113281,0.0007345645635741628,0,0
2026-08-27 18:45:00+00:00,-0.0002987224857008419,770.9735046386719,767.7941516113282,0.0007180953280842376,1,0
2026-08-27 19:00:00+00:00,0.00031181735433283286,770.793505859375,767.8845520019531,0.0006179463601935582,1,0
2026-08-27 19:15:00+00:00,6.492848591044265e-05,770.5885070800781,767.9666516113281,0.0005895593312307497,1,0
2026-08-27 19:30:00+00:00,0.000922178313121691,770.4345092773438,768.05365234375,0.0006847478382285264,1,0
2026-08-27 19:45:00+00:00,0.0005060060999515503,770.3635070800781,768.1366516113281,0.000704317435389101,1,0
2026-08-28 13:30:00+00:00,0.001997353063897034,770.4575073242188,768.2648522949219,0.0009642915047692958,0,0
2026-08-28 13:45:00+00:00,-0.0010354756468878845,770.5130126953125,768.3988525390625,0.0010137092215749648,0,1
2026-08-28 14:00:00+00:00,-0.0019435589715460777,770.5150146484375,768.4966528320313,0.0011310112635797343,1,0
2026-08-28 14:15:00+00:00,0.0013241398677112937,770.6990112304687,768.6056530761718,0.001135981854841881,1,0
2026-08-28 14:30:00+00:00,0.0027097457390725666,771.0500122070313,768.7478527832031,0.0013805933905133088,1,0
2026-08-28 14:45:00+00:00,0.0020301120128745076,771.5810180664063,768.9300549316406,0.0014345327654976872,0,0
2026-08-28 15:00:00+00:00,-0.0009872452792978326,772.0115173339843,769.0925549316406,0.0015282167520850275,1,1
2026-08-28 15:15:00+00:00,0.0009752128025495299,772.5125183105469,769.2851550292969,0.0015226297911138285,0,0
2026-08-28 15:30:00+00:00,-0.0027485706810254085,772.7295166015625,769.4409545898437,0.0018557194002639715,0,1
2026-08-28 15:45:00+00:00,-0.0022644341287942904,772.73251953125,769.5663549804688,0.002018364067359772,0,1
2026-08-28 16:00:00+00:00,-0.00011675574800418254,772.5725158691406,769.7057141113281,0.001893428029490838,0,0
2026-08-28 16:15:00+00:00,-0.0017899360784614515,772.3545104980469,769.8033142089844,0.001944508171070129,1,1
2026-08-28 16:30:00+00:00,9.09658607584074e-05,772.293505859375,769.8939135742188,0.0018556478497694859,1,0
2026-08-28 16:45:00+00:00,2.6010539184939674e-05,772.1325073242188,769.9747131347656,0.0017909652336999416,0,0
2026-08-28 17:00:00+00:00,-0.00044177117331678506,771.7285034179688,770.0481127929687,0.0014689160333330557,0,0
2026-08-28 17:15:00+00:00,-0.0006888519900388745,771.1144958496094,770.1109130859375,0.0011638647029802,1,0
2026-08-28 17:30:00+00:00,0.00032517363962747403,770.6019958496094,770.1841137695312,0.0012126922325402085,1,0
2026-08-28 17:45:00+00:00,0.0006110102636867065,770.060986328125,770.2627124023437,0.0011624439431212445,0,0
2026-08-28 18:00:00+00:00,-0.0004157630838865778,769.7009826660156,770.329912109375,0.0009128774822996684,0,0
2026-08-28 18:15:00+00:00,-0.00020796800736333498,769.4999816894531,770.3809118652343,0.0006592257654613366,1,0
2026-08-28 18:30:00+00:00,0.00033157995945964913,769.3334838867188,770.4278125,0.0006848570025790051,0,0
2026-08-28 18:45:00+00:00,-0.0008254223089498858,769.2414855957031,770.4636120605469,0.0004740214861012074,1,0
2026-08-28 19:00:00+00:00,0.0007237542989535495,769.1981201171875,770.5145385742187,0.0005425261623110955,1,0
2026-08-28 19:15:00+00:00,0.0003622898623583115,769.1806213378907,770.584638671875,0.0005583801189520974,1,0
2026-08-28 19:30:00+00:00,0.00013642419803594485,769.2076232910156,770.5932385253906,0.0005397782272355386,0,0
2026-08-28 19:45:00+00:00,-0.0003118295209293409,769.263623046875,770.6127270507812,0.000494883972611583,0,0
2026-08-31 13:30:00+00:00,-0.004646614396452642,768.9371215820313,770.5557263183593,0.0015614361527833808,1,1
2026-08-31 13:45:00+00:00,0.0004896807980967477,768.6011291503906,770.4858264160156,0.0015529462464492828,0,0
2026-08-31 14:00:00+00:00,-0.0004827495502502943,768.2601440429687,770.40962890625,0.0015529918739444184,0,0
2026-08-31 14:15:00+00:00,-0.0011492756893203282,767.8471435546875,770.3003283691406,0.0015656334266735228,1,1
2026-08-31 14:30:00+00:00,0.001163524318511966,767.4976440429688,770.2003283691406,0.0016373885272146463,1,0
2026-08-31 14:45:00+00:00,0.00016975905770166833,767.2246459960937,770.1130285644531,0.0016425419434732513,0,0
2026-08-31 15:00:00+00:00,-0.00027419801463424154,766.8750122070312,770.0348278808593,0.0015995038886612463,1,0
2026-08-31 15:15:00+00:00,0.00026120120351813547,766.5175109863281,769.9408276367187,0.0015940798637977163,0,0
2026-08-31 15:30:00+00:00,-0.0001370609557085345,766.139013671875,769.8449304199219,0.0015849463007122405,0,0
2026-08-31 15:45:00+00:00,-0.0005420228714364539,765.7430053710938,769.7351293945312,0.001583713890452945,1,0
2026-08-31 16:00:00+00:00,0.0003790077699383776,765.7335083007813,769.6155297851562,0.0006475952386744034,1,0
2026-08-31 16:15:00+00:00,0.00024813889847852266,765.7055114746094,769.49373046875,0.0006310896771902699,0,0
2026-08-31 16:30:00+00:00,-0.0006333024823831357,765.6659973144531,769.3582299804688,0.0006445735386617706,1,0
2026-08-31 16:45:00+00:00,0.0005553181480983937,765.7570007324218,769.2400305175781,0.0005386779369754458,1,0
2026-08-31 17:00:00+00:00,0.00010440307620873668,765.7669982910156,769.1256298828125,0.00039562199225587444,0,0
2026-08-31 17:15:00+00:00,-0.0006528097074843808,765.7139953613281,769.0095300292969,0.00044220692755227484,1,0
2026-08-31 17:30:00+00:00,0.0010713168489553393,765.7639953613282,768.9291296386718,0.0005614915168074509,1,0
2026-08-31 17:45:00+00:00,0.0003654589951502807,765.8219970703125,768.8703295898438,0.0005664765241072616,1,0
2026-08-31 18:00:00+00:00,0.0002608557725567451,765.9104919433594,768.80712890625,0.0005638289063250116,0,0
2026-08-31 18:15:00+00:00,-0.0005477657113471812,765.9984985351563,768.7401281738281,0.0005645756190859082,0,0
2026-08-31 18:30:00+00:00,-0.0012398189446979346,765.9624877929688,768.649326171875,0.0006970322963425867,1,0
2026-08-31 18:45:00+00:00,0.0004181987262164011,765.9394836425781,768.56392578125,0.00070703103832715,1,0
2026-08-31 19:00:00+00:00,0.0006660960688136264,766.0159851074219,768.4745251464843,0.000703190047827877,1,0
2026-08-31 19:15:00+00:00,0.0005938775407781094,766.0954833984375,768.38642578125,0.000706063284212257,1,0
2026-08-31 19:30:00+00:00,0.0004891506325996886,766.2044860839844,768.2750256347656,0.0007164945875770751,0,0
2026-08-31 19:45:00+00:00,-7.822265398083061e-05,766.3574890136719,768.1784252929688,0.0006669596785582796,0,0
2026-09-01 13:30:00+00:00,-0.006506278316647296,765.9294921875,768.0120251464843,0.0021724334935271294,1,1
2026-09-01 13:45:00+00:00,7.217265236425519e-05,765.4789916992188,767.8263256835937,0.0021605306952193247,1,0
2026-09-01 14:00:00+00:00,0.0012926062251108483,765.1069946289062,767.618525390625,0.0022290756199439057,1,0
2026-09-01 14:15:00+00:00,0.0010084799670297961,764.8539428710938,767.3947131347657,0.002277919088201499,1,0
2026-09-01 14:30:00+00:00,0.000511283764167203,764.7349487304688,767.1940124511718,0.0022673502618933907,0,0
2026-09-01 14:45:00+00:00,-0.0008113420474461508,764.5219482421875,766.9658117675781,0.002266255257796249,0,0
2026-09-01 15:00:00+00:00,-0.0008319851278661972,764.1944213867188,766.7675061035156,0.002246471647290385,0,0
