Date,KO,PEP,Spread,Z-Score,Signal_Long,Signal_Short
2022-08-29,55.7567024230957,153.02220153808594,7.71051673170205,0.18120650096712235,False,False
2022-08-30,55.24117660522461,151.70672607421875,7.6080262627813156,0.12798721746798583,False,False
2022-08-31,54.8500862121582,151.07533264160156,7.41518191377213,0.027850705368859814,False,False
2022-09-01,55.107845306396484,152.60269165039062,7.193378083048586,-0.08732333054661748,False,False
2022-09-02,54.352333068847656,150.66920471191406,7.044945547295889,-0.1643985286982416,False,False
2022-09-06,54.379005432128906,149.65390014648438,7.390405061680916,0.014985057181823776,False,False
2022-09-07,55.38337707519531,152.955810546875,7.3580369464709605,-0.0018224364108104356,False,False
2022-09-08,55.21450424194336,152.44378662109375,7.3499303051130624,-0.006031897536268517,False,False
2022-09-09,55.39228057861328,152.92933654785156,7.375252803653865,0.007117083465971762,False,False
2022-09-12,55.55227279663086,153.52964782714844,7.34675820794228,-0.007679043269880637,False,False
2022-09-13,53.747928619384766,147.7998809814453,7.341456516492116,-0.01043200384545807,False,False
2022-09-14,54.03235626220703,148.921142578125,7.273828429222867,-0.0455486189491515,False,False
2022-09-15,53.298194885253906,146.44912719726562,7.315834881688865,-0.02373631458444129,False,False
2022-09-16,53.307151794433594,147.41143798828125,7.022643720240637,-0.17597899339023232,False,False
2022-09-19,53.71003723144531,148.96527099609375,6.937653878525595,-0.22011088710102927,False,False
2022-09-20,53.629459381103516,149.13304138183594,6.804399181125888,-0.2893048286761364,False,False
2022-09-21,53.18180847167969,148.70925903320312,6.489808214706997,-0.4526595874592447,False,False
2022-09-22,53.05645751953125,148.85052490234375,6.320102351229579,-0.5407811909115174,False,False
2022-09-23,52.46554946899414,148.7798614501953,5.751381338320954,-0.8360957224637968,False,False
2022-09-26,51.81195831298828,148.71807861328125,5.117188868421273,-1.16540701554327,False,False
2022-09-27,50.47795104980469,146.56390380859375,4.459553279657598,-1.5068914014192234,False,False
2022-09-28,51.015140533447266,148.9122772216797,4.25939626100341,-1.6108250962522284,False,False
2022-09-29,50.6480598449707,147.0936279296875,4.46333834381295,-1.5049259659551524,False,False
2022-09-30,50.155635833740234,144.13604736328125,4.899540791112713,-1.2784231315909436,False,False
2022-10-03,50.71967697143555,145.89292907714844,4.911953052646105,-1.2719779306628274,False,False
2022-10-04,50.83607482910156,147.53506469726562,4.512750218768254,-1.4792683159398718,False,False
2022-10-05,50.35260009765625,146.55506896972656,4.336976306085475,-1.57054081951337,False,False
2022-10-06,49.26927185058594,143.72987365722656,4.140707957738712,-1.6724552802682715,False,False
2022-10-07,48.803707122802734,142.67930603027344,4.005002340454546,-1.7429218884780255,False,False
2022-10-10,48.69626998901367,142.86471557617188,3.839349984418945,-1.8289386643889316,False,False
2022-10-11,48.776851654052734,143.54452514648438,3.7064838195240526,-1.8979308562624315,False,False
2022-10-12,49.36775207519531,149.54798889160156,2.4124059107890616,-2.5698947941794357,True,False
2022-10-13,50.021331787109375,154.15652465820312,1.618989285034715,-2.981884950762731,True,False
2022-10-14,49.22450637817383,150.25425720214844,2.0474048210506837,-2.759425554227999,True,False
2022-10-17,49.860172271728516,152.4967498779297,1.9789688363863505,-2.7949616787842295,True,False
2022-10-18,50.53166198730469,154.55380249023438,2.0045814779540265,-2.7816620378799994,True,False
2022-10-19,50.10191345214844,153.0529327392578,2.04607872301267,-2.7601141449640534,True,False
2022-10-20,49.31403732299805,151.37550354003906,1.784884826765392,-2.8957418980517917,True,False
2022-10-21,50.10191345214844,152.7880859375,2.129235797536005,-2.7169339354224338,True,False
2022-10-24,51.543373107910156,156.8668670654297,2.290032428603972,-2.633438547171937,True,False
2022-10-25,52.77891159057617,157.3878173828125,3.3620019949076436,-2.076806766165226,True,False
2022-10-26,53.172847747802734,158.0940704345703,3.5341875503993094,-1.9873975558390022,False,False
2022-10-27,53.298194885253906,157.92633056640625,3.7122019529443904,-1.8949616536937692,False,False
2022-10-28,54.399436950683594,160.88389587402344,3.884822350825843,-1.8053266467577418,False,False
2022-10-31,53.584693908691406,160.31007385253906,3.250248977815886,-2.134835727893265,True,False
2022-11-01,53.39667510986328,159.58612060546875,3.2895383198392736,-2.1144343124869764,True,False
2022-11-02,52.653564453125,157.3612823486328,3.244986375149395,-2.137568391195527,True,False
2022-11-03,52.626705169677734,156.95516967773438,3.345639077554438,-2.085303387818569,True,False
2022-11-04,53.05645751953125,157.83807373046875,3.4981756270928486,-2.0060971361607387,True,False
2022-11-07,53.26239013671875,159.1005401611328,3.3077167667878555,-2.104994957472621,True,False
2022-11-08,53.360862731933594,159.5419921875,3.267581461845147,-2.1258356482662424,True,False
2022-11-09,52.61775588989258,157.635009765625,3.123232385871333,-2.2007904658018136,True,False
2022-11-10,54.50688171386719,160.41598510742188,4.139182576949928,-1.6732473507261132,False,False
2022-11-11,54.900814056396484,157.19357299804688,5.544893661550795,-0.9433166799326134,False,False
2022-11-14,54.37256622314453,156.0281524658203,5.382566660289903,-1.0276067294429667,False,False
2022-11-15,54.28303909301758,156.43431091308594,5.165513171364644,-1.1403140990474891,False,False
2022-11-16,54.18455123901367,157.44076538085938,4.751016935815272,-1.355545748402975,False,False
2022-11-17,54.35467529296875,158.94161987304688,4.449900000537454,-1.511903970915696,False,False
2022-11-18,54.739654541015625,160.08934020996094,4.474515955709883,-1.4991218701923916,False,False
2022-11-21,55.58125686645508,163.17054748535156,4.348675286478752,-1.5644659975249746,False,False
2022-11-22,55.82299041748047,163.18817138671875,4.584875253297518,-1.4418166123774014,False,False
2022-11-23,56.073673248291016,163.4001007080078,4.769016135150601,-1.3461994696487511,False,False
2022-11-25,56.127403259277344,162.543701171875,5.091640010723104,-1.17867353598401,False,False
2022-11-28,56.13634490966797,162.3494873046875,5.161561279972581,-1.1423661613569578,False,False
2022-11-29,55.93938064575195,161.20172119140625,5.324974681877002,-1.0575119865728058,False,False
2022-11-30,57.35498809814453,163.77969360351562,5.931145725862734,-0.7427511216986891,False,False
2022-12-01,57.517295837402344,165.14776611328125,5.663903601226252,-0.88151948273468,False,False
2022-12-02,58.02222442626953,164.96127319335938,6.227387572061765,-0.5889243418703427,False,False
2022-12-05,57.228763580322266,162.67813110351562,6.150791780373744,-0.628697534398501,False,False
2022-12-06,57.20171356201172,161.3544464111328,6.539354659327984,-0.42693206069089856,False,False
2022-12-07,57.29187774658203,161.84304809570312,6.47610680936976,-0.4597741902379961,False,False
2022-12-08,57.53532791137695,163.26446533203125,6.273257837208597,-0.5651057110187484,False,False
2022-12-09,56.93120193481445,162.66038513183594,5.858802046928538,-0.7803163587310916,False,False
2022-12-12,57.679603576660156,163.43324279785156,6.364540450622087,-0.5177062276038392,False,False
2022-12-13,57.697628021240234,163.34442138671875,6.410453201407172,-0.4938655356254818,False,False
2022-12-14,57.697628021240234,162.89134216308594,6.552711829846501,-0.41999620556156875,False,False
2022-12-15,56.9041633605957,160.12852478027344,6.626721533521454,-0.38156586717946406,False,False
2022-12-16,56.579559326171875,160.20843505859375,6.277027126378911,-0.5631484668861224,False,False
2022-12-19,56.66071319580078,161.09681701660156,6.079245233155767,-0.6658488521734514,False,False
2022-12-20,56.615631103515625,160.99911499023438,6.064839798597916,-0.6733290297327467,False,False
2022-12-21,57.526309967041016,162.1273193359375,6.621283035223129,-0.38438986618928395,False,False
2022-12-22,57.111541748046875,160.87472534179688,6.5998065283693705,-0.39554177444823924,False,False
2022-12-23,57.544342041015625,161.91409301757812,6.706264291624947,-0.3402624304951519,False,False
2022-12-27,57.895992279052734,162.6337127685547,6.831967027697715,-0.27498992644555487,False,False
2022-12-28,57.318939208984375,161.46109008789062,6.623096133123042,-0.38344839551241783,False,False
2022-12-29,57.661563873291016,161.66539001464844,6.901574339470763,-0.23884557763076306,False,False
2022-12-30,57.35498809814453,160.4927520751953,6.9631855307999615,-0.20685330076252031,False,False
2023-01-03,56.75989532470703,159.3822784423828,6.716761263182029,-0.3348117645838587,False,False
2023-01-04,56.732845306396484,158.9914093017578,6.812437039708712,-0.2851310837499021,False,False
2023-01-05,56.08364486694336,157.3301239013672,6.68484997420579,-0.3513820462181715,False,False
2023-01-06,57.16564178466797,160.8836212158203,6.651113422486169,-0.3689001152557747,False,False
2023-01-09,56.45331954956055,159.3112335205078,6.4324923002139585,-0.4824214954155482,False,False
2023-01-10,56.02052688598633,157.9964141845703,6.412528973364218,-0.49278766860599343,False,False
2023-01-11,55.912322998046875,158.17408752441406,6.248538891050757,-0.5779412909241481,False,False
2023-01-12,55.19099426269531,156.15753173828125,6.160371963487435,-0.6237229207932546,False,False
2023-01-13,55.38935470581055,155.67779541015625,6.509360880590897,-0.44250665441291487,False,False
2023-01-17,55.61477279663086,156.40625,6.50605749087056,-0.44422197522163026,False,False
2023-01-18,53.92866516113281,152.46188354492188,6.05840911965398,-0.6766682292643043,False,False
2023-01-19,53.84750747680664,150.69403076171875,6.532325027545625,-0.43058227295609214,False,False
2023-01-20,54.17211151123047,150.9161376953125,6.787191528019939,-0.29824008849730616,False,False
2023-01-23,54.30735778808594,150.24099731445312,7.13441959431826,-0.11793816292529029,False,False
2023-01-24,54.59589385986328,151.63568115234375,6.985050329598394,-0.19549976771541028,False,False
2023-01-25,54.93852233886719,152.73728942871094,6.981793863323034,-0.19719072301826676,False,False
2023-01-26,54.83032989501953,151.21817016601562,7.350577214158783,-0.0056959830237789276,False,False
2023-01-27,54.54179382324219,150.68515014648438,7.22939972550347,-0.06861870345203737,False,False
2023-01-30,54.67703628540039,150.56080627441406,7.403683899955887,0.02188023744723372,False,False
2023-01-31,55.29018020629883,151.9288787841797,7.58727795696003,0.1172134354640828,False,False
2023-02-01,55.299190521240234,152.4085693359375,7.445674170859199,0.043684139360661595,False,False
2023-02-02,54.35244369506836,150.99607849121094,6.942423757175121,-0.2176340760689524,False,False
2023-02-03,53.94669723510742,150.24099731445312,6.773759041339744,-0.3052150523574533,False,False
2023-02-06,54.25326156616211,152.63954162597656,6.327224121291259,-0.5370831348491403,False,False
2023-02-07,54.16309356689453,152.4085693359375,6.309577216513496,-0.5462464808474532,False,False
2023-02-08,53.84750747680664,152.05320739746094,6.105568306155625,-0.6521803120711384,False,False
2023-02-09,53.75733947753906,153.4923858642578,5.563524466887358,-0.9336424329371134,False,False
2023-02-10,53.75733947753906,156.5305938720703,4.60958245948455,-1.4289871285787064,False,False
2023-02-13,54.6409797668457,157.92535400390625,5.055293457384003,-1.197546876566207,False,False
2023-02-14,53.73029708862305,156.1486358642578,4.702467931919465,-1.3807553432964272,False,False
2023-02-15,53.73029708862305,156.36180114746094,4.635537913420244,-1.4155094786479523,False,False
2023-02-16,53.39667892456055,155.91763305664062,4.441380444310781,-1.5163278425487239,False,False
2023-02-17,54.20817947387695,156.6016845703125,5.038101270698043,-1.2064741052816677,False,False
2023-02-21,53.919639587402344,156.51283264160156,4.777459272392434,-1.341815279399385,False,False
2023-02-22,54.08194351196289,156.4595489501953,4.956493306086784,-1.2488499227617593,False,False
2023-02-23,54.18112564086914,156.6282958984375,5.002691965087315,-1.2248607698530074,False,False
2023-02-24,53.95570755004883,156.31741333007812,4.874885341475533,-1.2912257402418472,False,False
2023-02-27,53.937679290771484,156.2729949951172,4.870803630791691,-1.2933452126213993,False,False
2023-02-28,53.65815734863281,154.15866088867188,5.255144109078564,-1.09377226608759,False,False
2023-03-01,53.07207489013672,152.20425415039062,5.2827097886966,-1.079458489071181,False,False
2023-03-02,53.84750747680664,155.01260375976562,5.176371720767747,-1.134675679932439,False,False
2023-03-03,53.59504318237305,154.86053466796875,4.971654352917064,-1.2409773853648591,False,False
2023-03-06,54.4245719909668,155.17355346679688,5.702900956822688,-0.8612696844357915,False,False
2023-03-07,54.10898971557617,154.4044189453125,5.62881291997693,-0.899740698163305,False,False
2023-03-08,54.136043548583984,154.82473754882812,5.523894362893152,-0.9542207926790233,False,False
2023-03-09,53.61307907104492,153.6531219482422,5.368795856035966,-1.0347573683591396,False,False
2023-03-10,53.38766098022461,153.85885620117188,5.078780954949011,-1.1853507396496696,False,False
2023-03-13,53.92866516113281,155.3614044189453,5.14801234762264,-1.1494015908894328,False,False
2023-03-14,54.12702560424805,155.2003936767578,5.396927232771077,-1.0201498470017658,False,False
2023-03-15,54.487693786621094,157.97293090820312,4.88706919529249,-1.2848991424886635,False,False
2023-03-16,54.78752899169922,157.86563110351562,5.220594585774094,-1.1117124794055977,False,False
2023-03-17,54.53312683105469,156.6314239501953,5.353711003963461,-1.0425903408047048,False,False
2023-03-20,55.06010055541992,158.8315887451172,5.18987303416958,-1.12766497705334,False,False
2023-03-21,54.80569076538086,159.20716857910156,4.817538013254364,-1.3210039601159393,False,False
2023-03-22,54.56038284301758,157.86563110351562,4.993448437092454,-1.2296605716499063,False,False
2023-03-23,54.442264556884766,157.09645080566406,5.116838762450499,-1.1655888118518398,False,False
2023-03-24,55.33267593383789,160.17311096191406,5.041234857368174,-1.2048469565416633,False,False
2023-03-27,55.74153518676758,160.5308837890625,5.337759955412302,-1.0508730951319307,False,False
2023-03-28,55.805137634277344,160.47718811035156,5.418221868569795,-1.0090923772534395,False,False
2023-03-29,56.20491027832031,161.5862274169922,5.469776359100919,-0.9823221509473092,False,False
2023-03-30,56.195823669433594,161.72930908203125,5.415764712027567,-1.0103682823400257,False,False
2023-03-31,56.359371185302734,163.0440673828125,5.166502055100217,-1.139800610481915,False,False
2023-04-03,56.6955451965332,163.22291564941406,5.446520966342895,-0.994397764934696,False,False
2023-04-04,56.52292251586914,162.64158630371094,5.456425117803626,-0.9892549272644472,False,False
2023-04-05,57.05897903442383,164.24252319335938,5.489816596206566,-0.9719160412753926,False,False
2023-04-06,57.0953254699707,164.8864288330078,5.323988382458616,-1.0580241332037548,False,False
2023-04-10,56.95903778076172,163.84898376464844,5.513439559231173,-0.959649562455118,False,False
2023-04-11,56.85909652709961,163.59854125976562,5.492132693087157,-0.9707133829424018,False,False
2023-04-12,56.95903778076172,163.27659606933594,5.693158875905681,-0.8663283652248777,False,False
2023-04-13,57.376991271972656,164.9043426513672,5.6000295715959965,-0.914686762842978,False,False
2023-04-14,57.28612518310547,164.126220703125,5.753479609669959,-0.8350061723919047,False,False
2023-04-17,57.65864181518555,164.96693420410156,5.862027506656865,-0.7786415039128388,False,False
2023-04-18,57.74950408935547,165.30679321289062,5.8461802388058,-0.7868703689900866,False,False
2023-04-19,57.858543395996094,165.20843505859375,5.986102215399605,-0.7142143706468229,False,False
2023-04-20,58.112937927246094,165.75399780273438,6.069199976325969,-0.6710649603313731,False,False
2023-04-21,58.19471740722656,165.8255615234375,6.128509750740129,-0.6402677190653762,False,False
2023-04-24,58.10386276245117,165.9060516357422,6.012382675930134,-0.7005679575296795,False,False
2023-04-25,58.01299285888672,169.6713409423828,4.7392804728019655,-1.3616400336468582,False,False
2023-04-26,57.74041748046875,168.6249237060547,4.795261057779818,-1.3325715099708861,False,False
2023-04-27,57.858543395996094,169.6534423828125,4.590450831793916,-1.4389214329934437,False,False
2023-04-28,58.28557205200195,170.7266845703125,4.680500978053082,-1.3921619214664578,False,False
2023-05-01,58.42185974121094,171.43325805664062,4.594937454905228,-1.436591705460444,False,False
2023-05-02,58.15837097167969,171.9430389404297,4.171386767833496,-1.6565249766113215,False,False
2023-05-03,57.83128356933594,171.88043212890625,3.8639567646237722,-1.816161327866699,False,False
2023-05-04,57.89488220214844,172.95372009277344,3.5905625147435813,-1.9581242464153534,False,False
2023-05-05,58.16745376586914,173.7497100830078,3.6132077116045522,-1.9463654832412887,False,False
2023-05-08,58.07658767700195,172.9268798828125,3.7806953269299655,-1.8593957291123349,False,False
2023-05-09,57.59504318237305,173.63340759277344,3.077313992890211,-2.2246340875514328,True,False
2023-05-10,57.69499588012695,173.7497100830078,3.1407498258623647,-2.1916943457930076,True,False
2023-05-11,58.02208709716797,174.7066650390625,3.167374606956443,-2.177869140502513,True,False
2023-05-12,58.24922180175781,175.40426635742188,3.1754751966037347,-2.173662821793182,True,False
2023-05-15,58.094764709472656,173.7497100830078,3.540518655208068,-1.9841100612531335,False,False
2023-05-16,57.440589904785156,172.99839782714844,3.1222422220928507,-2.201304619043501,True,False
2023-05-17,57.376991271972656,171.77308654785156,3.443369025609954,-2.0345560562208873,True,False
2023-05-18,57.05897903442383,171.32594299316406,3.2657517245035876,-2.1267857591529897,True,False
2023-05-19,57.086246490478516,171.57635498046875,3.2143943750041757,-2.153453617848097,True,False
2023-05-22,55.88690948486328,166.9256134033203,3.47530556326128,-2.0179726639391986,True,False
2023-05-23,55.78696823120117,166.4158477783203,3.5354214361576553,-1.9867568473256112,False,False
2023-05-24,55.314510345458984,165.3604736328125,3.394331820243579,-2.060019155003437,True,False
2023-05-25,54.887474060058594,164.38558959960938,3.2733913746367023,-2.1228187882673075,True,False
2023-05-26,54.75118637084961,164.18882751464844,3.198883398280074,-2.1615078601237068,True,False
2023-05-30,54.3150634765625,162.42691040039062,3.315970404213921,-2.1007091670503275,True,False
2023-05-31,54.206031799316406,163.08876037597656,2.9991298828444357,-2.2652320315502235,True,False
2023-06-01,54.514957427978516,164.0839385986328,2.9955876656569203,-2.267071366102041,True,False
2023-06-02,55.56890869140625,165.7681121826172,3.5207390821388245,-1.994380818307412,False,False
2023-06-05,55.19639205932617,165.88519287109375,3.1114612451951444,-2.206902757796875,True,False
2023-06-06,54.796607971191406,163.51654052734375,3.4553908744312665,-2.028313581312318,True,False
2023-06-07,54.714839935302734,162.210693359375,3.783635077852793,-1.857869231678707,False,False
2023-06-08,54.85112762451172,164.0028839111328,3.3572075585586134,-2.079296329048141,True,False
2023-06-09,54.94198989868164,164.22805786132812,3.377369311397615,-2.0688271210185807,True,False
2023-06-12,54.70575714111328,163.82276916503906,3.268389826653724,-2.1254158961041982,True,False
2023-06-13,54.9238166809082,163.49855041503906,3.5882481519226275,-1.9593260043191392,False,False
2023-06-14,55.29633331298828,164.966552734375,3.4998387790095222,-2.0052335265559855,True,False
2023-06-15,56.05620193481445,167.2541046142578,3.5414577527792943,-1.9836224246913854,False,False
2023-06-16,56.459014892578125,167.5513458251953,3.8509423812398254,-1.8229191870722452,False,False
2023-06-20,56.08366394042969,166.8938446044922,3.682034843345612,-1.9106262513387324,False,False
2023-06-21,56.23930358886719,167.00196838378906,3.8037255933517926,-1.8474370144077334,False,False
2023-06-22,56.62380599975586,168.73114013671875,3.64529955138525,-1.929701448650729,False,False
2023-06-23,56.028743743896484,167.578369140625,3.4121864034413534,-2.05074796974136,True,False
2023-06-26,56.04704666137695,166.51564025878906,3.764166844072527,-1.8679783224428517,False,False
2023-06-27,55.92803192138672,167.7134552001953,3.269060017311432,-2.125067892363103,True,False
2023-06-28,55.406192779541016,165.4438934326172,3.4598219557475716,-2.0260126944565604,True,False
2023-06-29,54.94844436645508,165.60601806640625,2.95116935894265,-2.2901360518476648,True,False
2023-06-30,55.13154220581055,166.81283569335938,2.7553484321489705,-2.3918181841262904,True,False
2023-07-03,55.461124420166016,167.15509033203125,2.977468920309917,-2.2764797204146414,True,False
2023-07-05,55.87309646606445,168.03768920898438,3.112320985533188,-2.2064563283359915,True,False
2023-07-06,55.44281005859375,168.0557098388672,2.676376428323934,-2.432825250483943,True,False
2023-07-07,54.71041488647461,164.88551330566406,2.9393652578823506,-2.296265458878346,True,False
2023-07-10,54.29843521118164,165.9842529296875,2.182401341925562,-2.6893271519912636,True,False
2023-07-11,54.490692138671875,165.696044921875,2.465150337376663,-2.5425066807175303,True,False
2023-07-12,54.78364944458008,164.966552734375,2.987154910601319,-2.2714501652890164,True,False
2023-07-13,55.250553131103516,168.89324951171875,2.221147289995912,-2.6692078997670055,True,False
2023-07-14,55.754085540771484,169.5056915283203,2.532384055247043,-2.5075948461857553,True,False
2023-07-17,55.671695709228516,167.1820831298828,3.1795649622195796,-2.1715391668031456,True,False
2023-07-18,55.45196533203125,166.11935424804688,3.2935121081730188,-2.112370879953921,True,False
2023-07-19,56.43156051635742,167.74949645996094,3.7612723128050263,-1.8694813390818072,False,False
2023-07-20,57.11817932128906,170.48736572265625,3.5882500089824063,-1.9593250400207818,False,False
2023-07-21,57.16395568847656,171.26190185546875,3.390836129998071,-2.061834329937847,True,False
2023-07-24,57.18227005004883,171.94638061523438,3.194236621145272,-2.1639207493640282,True,False
2023-07-25,56.99001693725586,172.34262084960938,2.8775712878521063,-2.328352645562213,True,False
2023-07-26,57.722412109375,172.55880737304688,3.542087827036603,-1.9832952518246951,False,False
2023-07-27,57.16395568847656,169.79385375976562,3.8517765079372452,-1.8224860577710364,False,False
2023-07-28,57.20058059692383,171.39698791503906,3.385046474825181,-2.064840670949386,True,False
2023-07-31,56.69705581665039,168.83021545410156,3.6874415221727332,-1.9078187749331763,False,False
2023-08-01,56.550575256347656,168.25384521484375,3.721930724845741,-1.88990988375488,False,False
2023-08-02,56.724517822265625,169.59573364257812,3.474544751976403,-2.0183677234201984,True,False
2023-08-03,56.43156051635742,168.52398681640625,3.518096439579182,-1.995753039012903,False,False
2023-08-04,55.580135345458984,166.25448608398438,3.3792531850345995,-2.0678488992754374,True,False
2023-08-07,56.01957702636719,168.31687927246094,3.171140948235333,-2.175913427094364,True,False
2023-08-08,55.77239227294922,166.1103515625,3.616765728469261,-1.9445179445363572,False,False
2023-08-09,55.900569915771484,165.696044921875,3.8750281144762724,-1.8104124098187777,False,False
2023-08-10,55.77239227294922,165.4889373779297,3.8118784703003925,-1.8432035449521817,False,False
2023-08-11,56.00126266479492,165.7500762939453,3.958755996248051,-1.7669358024452604,False,False
2023-08-14,55.73577880859375,165.37184143066406,3.8120310017905226,-1.8431243413276763,False,False
2023-08-15,55.36042404174805,163.3274688720703,4.078572002913738,-1.70472004625229,False,False
2023-08-16,55.36956787109375,163.2013397216797,4.127318089447314,-1.6794081140695016,False,False
2023-08-17,55.488590240478516,160.7156219482422,5.02681059008458,-1.2123369131973072,False,False
2023-08-18,55.799861907958984,160.47244262695312,5.41443613765253,-1.011058158940839,False,False
2023-08-21,55.32379913330078,159.45474243164062,5.257912698271646,-1.0923346462317065,False,False
2023-08-22,54.98506546020508,158.23892211914062,5.300924470703357,-1.0700003186113116,False,False
2023-08-23,55.17732238769531,160.41844177246094,4.808851902676523,-1.3255143168955976,False,False
2023-08-24,55.03083419799805,159.57186889648438,4.928172185159312,-1.2635559708413926,False,False
2023-08-25,55.28717803955078,161.58921813964844,4.551105087859959,-1.4593521357012742,False,False
2023-08-28,55.44281005859375,162.33673095703125,4.472031689847924,-1.5004118520861915,False,False
2023-08-29,55.38787841796875,162.9491729736328,4.224804404806079,-1.6287872913823032,False,False
2023-08-30,55.36042404174805,163.08425903320312,4.154935464965213,-1.6650674933984626,False,False
2023-08-31,54.77449035644531,161.3656005859375,4.108629245921712,-1.6891124980218206,False,False
2023-09-01,54.29843521118164,159.00750732421875,4.372972458486949,-1.5518494284044688,False,False
2023-09-05,53.84983825683594,157.9554443359375,4.254704130875993,-1.6132615355240494,False,False
2023-09-06,53.81321716308594,158.47238159179688,4.055774149028878,-1.7165580782356213,False,False
2023-09-07,53.401241302490234,159.9870147705078,3.1682310424569167,-2.1774244271142495,True,False
2023-09-08,53.401241302490234,159.8690948486328,3.2052557513303626,-2.158198946942695,True,False
2023-09-11,53.90476989746094,162.2816162109375,2.9512965556885646,-2.2900700035628607,True,False
2023-09-12,53.373779296875,161.6830291748047,2.608251387866119,-2.4681999139008757,True,False
2023-09-13,53.5019416809082,162.96182250976562,2.334895943669949,-2.6101426821787683,True,False
2023-09-14,53.94487762451172,164.3675994873047,2.3364435068643843,-2.609339093267089,True,False
2023-09-15,53.46503448486328,163.10693359375,2.252426508832791,-2.652965827382706,True,False
2023-09-18,53.79723358154297,162.68972778320312,2.7156206352766645,-2.412447271950823,True,False
2023-09-19,53.68650436401367,161.72837829589844,2.9067376565094705,-2.3132076934650865,True,False
2023-09-20,53.926414489746094,161.78277587890625,3.1295679314222937,-2.1975006653125697,True,False
2023-09-21,53.09593200683594,159.0619354248047,3.1533798213576603,-2.1851360841523393,True,False
2023-09-22,53.15129470825195,158.96212768554688,3.2400803360165824,-2.1401159050299006,True,False
2023-09-25,52.59763717651367,158.109619140625,2.954094968455216,-2.2886168974941277,True,False
2023-09-26,52.163936614990234,156.468017578125,3.0358274141057535,-2.246176441889248,True,False
2023-09-27,51.62873840332031,153.79249572753906,3.3406943587500137,-2.0878709864903993,True,False
2023-09-28,51.49955368041992,153.72901916503906,3.2314401209574797,-2.1446024300655067,True,False
2023-09-29,51.65641784667969,153.6746063232422,3.405388929018841,-2.0542776317887608,True,False
2023-10-02,51.195030212402344,153.42971801757812,3.020891764812653,-2.2539319391793224,True,False
2023-10-03,50.6413688659668,152.09649658203125,2.8858376793900646,-2.324060232429498,True,False
2023-10-04,50.78902053833008,153.1939239501953,2.6889171355412813,-2.4263133527464484,True,False
2023-10-05,48.33446502685547,145.20364379882812,2.743164137820173,-2.3981450106200075,True,False
2023-10-06,49.035762786865234,145.3759307861328,3.3903669201008952,-2.0620779722472378,True,False
2023-10-09,48.79584884643555,146.3463897705078,2.845746524656846,-2.3448779977497547,True,False
2023-10-10,49.857025146484375,149.103515625,3.0412354966710993,-2.24336823657745,True,False
2023-10-11,49.561737060546875,147.48916625976562,3.2528237240607822,-2.1334987630828937,True,False
2023-10-12,48.73125076293945,143.37156677246094,3.715188709347686,-1.8934107481564673,False,False
2023-10-13,48.805076599121094,145.11294555664062,3.242253307076446,-2.13898756632594,True,False
2023-10-16,49.30335998535156,146.0924530029297,3.432989185968289,-2.039945900119373,True,False
2023-10-17,49.8939323425293,145.44850158691406,4.225750565386839,-1.628295987276532,False,False
2023-10-18,49.8754768371582,146.95407104492188,3.7345736573457486,-1.883344904434718,False,False
2023-10-19,50.152313232421875,145.62081909179688,4.43002689558638,-1.5222232954103208,False,False
2023-10-20,50.355316162109375,145.11294555664062,4.792492870064727,-1.3340089213549848,False,False
2023-10-23,49.90316390991211,145.18548583984375,4.317564289453337,-1.5806207189158668,False,False
2023-10-24,51.34267807006836,147.09915161132812,5.156222233427663,-1.1451385189691456,False,False
2023-10-25,51.78561019897461,147.24427795410156,5.5535873325596725,-0.9388023973174414,False,False
2023-10-26,51.471866607666016,146.39173889160156,5.5075254873919945,-0.9627205081650742,False,False
2023-10-27,50.97357177734375,144.76828002929688,5.518967186649171,-0.956779282186779,False,False
2023-10-30,51.813289642333984,147.1807861328125,5.601202052008901,-0.9140779397187536,False,False
2023-10-31,52.12702178955078,148.08775329589844,5.630163020301197,-0.899039643980745,False,False
2023-11-01,52.08089065551758,149.52981567382812,5.131250550669854,-1.1581053350851507,False,False
2023-11-02,52.680686950683594,151.30743408203125,5.172907025139921,-1.1364747605766903,False,False
2023-11-03,52.357723236083984,151.27114868164062,4.861336265729371,-1.2982612442343597,False,False
2023-11-06,52.5699577331543,151.1895294189453,5.099197725502066,-1.1747491109163655,False,False
2023-11-07,52.76374053955078,151.62486267089844,5.156293815521828,-1.1451013491932343,False,False
2023-11-08,52.680686950683594,151.81533813476562,5.01343439838508,-1.219282645280405,False,False
2023-11-09,52.283905029296875,150.6997833251953,4.966916379822962,-1.2434376290925104,False,False
2023-11-10,52.33926773071289,151.3890838623047,4.805851260502834,-1.3270724327692258,False,False
2023-11-13,52.533050537109375,152.15997314453125,4.757588865424786,-1.352133202936961,False,False
2023-11-14,52.689910888671875,152.46832275390625,4.817633052790271,-1.3209546098099225,False,False
2023-11-15,52.79141616821289,151.68836975097656,5.164029377112087,-1.141084575247011,False,False
2023-11-16,52.73605728149414,152.10557556152344,4.977675460629143,-1.2378508601212697,False,False
2023-11-17,52.837554931640625,151.2439422607422,5.349710282186805,-1.0446677588190343,False,False
2023-11-20,52.96675109863281,151.0262908935547,5.547245016385354,-0.9420957135260274,False,False
2023-11-21,53.54808807373047,152.18719482421875,5.764079290163089,-0.8295021737556959,False,False
2023-11-22,53.9079704284668,153.47506713867188,5.719593182381779,-0.8526020659380382,False,False
2023-11-24,54.04638671875,153.611083984375,5.815302659143001,-0.8029038858931326,False,False
2023-11-27,53.94487762451172,152.65878295898438,6.012798751342551,-0.7003519058756708,False,False
2023-11-28,54.05561447143555,153.14857482910156,5.96974986714207,-0.7227055041830289,False,False
2023-11-29,53.732635498046875,151.6067352294922,6.130880460630451,-0.6390367023369347,False,False
2023-11-30,54.355812072753906,153.7954559326172,6.0668385776761795,-0.6722911420975508,False,False
2023-12-01,54.541831970214844,154.16102600097656,6.138076128451047,-0.6353002740647008,False,False
2023-12-04,54.47673416137695,154.57223510742188,5.943866145773818,-0.7361459062029967,False,False
2023-12-05,54.56044006347656,153.4755859375,6.3718999240036425,-0.5138847415239945,False,False
2023-12-06,54.504634857177734,153.08265686035156,6.439467295111648,-0.4787996539431257,False,False
2023-12-07,54.63485336303711,153.0369415283203,6.584039583034283,-0.40372893119110065,False,False
2023-12-08,54.51393127441406,151.41024780273438,6.973869712174057,-0.20130542413075328,False,False
2023-12-11,54.913883209228516,153.36595153808594,6.759766275404623,-0.312480947275099,False,False
2023-12-12,55.26732635498047,153.95994567871094,6.926706073974202,-0.2257956529163198,False,False
2023-12-13,55.74168395996094,157.19505310058594,6.385298839861534,-0.5069272096760947,False,False
2023-12-14,54.913883209228516,153.7589111328125,6.6363841160337955,-0.37654846679606074,False,False
2023-12-15,54.504634857177734,152.61654663085938,6.585817422176483,-0.40280576900518295,False,False
2023-12-18,54.89527893066406,154.362060546875,6.428401901088719,-0.4845454793621831,False,False
2023-12-19,54.718563079833984,153.48471069335938,6.527157933126809,-0.43326534256868654,False,False
2023-12-20,53.58382797241211,151.41940307617188,6.0408918209738545,-0.6857642758958956,False,False
2023-12-21,53.93726348876953,152.58914184570312,6.027050657435041,-0.6929514496310429,False,False
2023-12-22,54.24420166015625,153.23800659179688,6.130257110377883,-0.6393603836915034,False,False
2023-12-26,54.46743392944336,154.3163604736328,6.014905890949272,-0.6992577508651293,False,False
2023-12-27,54.6069450378418,154.80984497070312,5.999471850580115,-0.7072720431070604,False,False
2023-12-28,54.6441535949707,154.8007049560547,6.0395502059252735,-0.686460924007364,False,False
2023-12-29,54.81157684326172,155.2119598388672,6.07784690743096,-0.6665749479163657,False,False
2024-01-02,55.639373779296875,158.0175323486328,6.0247451475908065,-0.6941486105310017,False,False
2024-01-03,55.76959228515625,158.0540771484375,6.143489251567175,-0.6324894513924411,False,False
2024-01-04,55.58356475830078,156.70156860351562,6.382124786968973,-0.5085753709393738,False,False
2024-01-05,55.499855041503906,154.3894500732422,7.024378199243806,-0.1750783464250563,False,False
2024-01-08,55.90910720825195,154.5448455810547,7.384839005333575,0.01209482227666003,False,False
2024-01-09,55.806793212890625,152.77191162109375,7.839193999195096,0.2480235625994866,False,False
2024-01-10,55.9928092956543,152.54347229003906,8.096935873437069,0.38185881595841903,False,False
2024-01-11,55.63007354736328,151.82150268554688,7.960885438337947,0.31121315737214794,False,False
2024-01-12,56.16953659057617,152.8633270263672,8.173234603736134,0.42147775615031646,False,False
2024-01-16,55.797489166259766,151.85801696777344,8.116836237315411,0.39219229494558777,False,False
2024-01-17,55.797489166259766,152.10479736328125,8.039351685476625,0.35195760410520216,False,False
2024-01-18,55.95560836791992,152.77191162109375,7.988009154224393,0.32529743994506927,False,False
2024-01-19,55.6486701965332,151.50161743164062,8.079920234094672,0.3730232613588746,False,False
2024-01-22,55.40684509277344,150.8893280029297,8.030342864931782,0.3472796766879746,False,False
2024-01-23,55.667274475097656,153.20143127441406,7.56481390916629,0.1055487359006746,False,False
2024-01-24,54.792972564697266,151.33714294433594,7.2758645972052705,-0.04449131672145653,False,False
2024-01-25,55.02549743652344,152.21446228027344,7.232927168127269,-0.06678704075208344,False,False
2024-01-26,55.220821380615234,153.4025115966797,7.055225253926338,-0.1590606799478673,False,False
2024-01-29,55.55565643310547,153.66749572753906,7.306860113055258,-0.02839656017879479,False,False
2024-01-30,55.713783264160156,155.0109100341797,7.043179307122934,-0.16531566799404054,False,False
2024-01-31,55.33243179321289,154.0147705078125,6.974597513891112,-0.2009275052245469,False,False
2024-02-01,56.71830368041992,156.91175842285156,7.450867932078324,0.046381055997478056,False,False
2024-02-02,56.30905532836914,156.24461364746094,7.251090894903925,-0.05735532934606649,False,False
2024-02-05,55.843997955322266,156.1989288330078,6.800377721956309,-0.29139301480582935,False,False
2024-02-06,55.750980377197266,156.6558837890625,6.563884605964724,-0.4141946208291589,False,False
2024-02-07,55.797489166259766,156.70156860351562,6.596049194927957,-0.3974928104394397,False,False
2024-02-08,55.6486701965332,158.8765869140625,5.764314069373469,-0.8293802621136815,False,False
2024-02-09,55.39754104614258,153.22886657714844,7.286466294580464,-0.038986270797441575,False,False
2024-02-12,55.52776336669922,155.91563415527344,6.5730925050910685,-0.409413319707243,False,False
2024-02-13,55.20221710205078,154.3346405029297,6.743949467124196,-0.32069399589114667,False,False
2024-02-14,55.14640426635742,153.09176635742188,7.078376488039076,-0.14703915146258348,False,False
2024-02-15,55.24872970581055,153.4025115966797,7.08313357912165,-0.1445689805128289,False,False
2024-02-16,55.23942184448242,151.99514770507812,7.515712360330305,0.08005222607623455,False,False
2024-02-20,56.45787811279297,154.1244354248047,8.06561104585817,0.36559306074197717,False,False
2024-02-21,56.96013641357422,154.2889404296875,8.51621776972889,0.5995754713682734,False,False
2024-02-22,56.876426696777344,153.7589111328125,8.598927603582624,0.6425234463593199,False,False
2024-02-23,56.92293167114258,154.99261474609375,8.258072101519858,0.46553054362854746,False,False
2024-02-26,56.46717071533203,153.7680206298828,8.186811405885052,0.4285276573770714,False,False
2024-02-27,56.12303161621094,153.6766357421875,7.871365497944481,0.26472896097033205,False,False
2024-02-28,56.178836822509766,152.6439666748047,8.251409992859763,0.46207117171604467,False,False
2024-02-29,55.82539749145508,152.25262451171875,8.02084497708421,0.34234779578894275,False,False
2024-03-01,55.36963653564453,151.56199645996094,7.781928657443551,0.2182879150856925,False,False
2024-03-04,55.63007354736328,152.2802276611328,7.816854146559699,0.23642335271410062,False,False
2024-03-05,55.36033248901367,149.21380615234375,8.509913621325495,0.5963019741871808,False,False
2024-03-06,55.38823699951172,150.0978240966797,8.260252589822649,0.46666278574212916,False,False
2024-03-07,55.28593063354492,150.19911193847656,8.126143685359231,0.3970252879186285,False,False
2024-03-08,55.36033248901367,150.1438751220703,8.217888895657417,0.44466497976473773,False,False
2024-03-11,56.030025482177734,151.69090270996094,8.401843388065416,0.5401853377599041,False,False
2024-03-12,56.271846771240234,151.5159454345703,8.698598076706446,0.6942784165680341,False,False
2024-03-13,56.8485221862793,152.21578979492188,9.055535102449383,0.8796218242466862,False,False
2024-03-14,56.72194290161133,151.7369384765625,9.079306414813814,0.8919653350647273,False,False
2024-03-15,56.14067077636719,151.62648010253906,8.53271620824654,0.6081424638506964,False,False
2024-03-18,56.375057220458984,157.70404052734375,6.858859313882945,-0.26102581624581955,False,False
2024-03-19,56.468814849853516,158.20127868652344,6.7964932129386,-0.2934100880892807,False,False
2024-03-20,56.95634078979492,158.2565460205078,7.266666216086577,-0.04926767551504791,False,False
2024-03-21,56.693824768066406,158.79981994628906,6.8335720713339825,-0.27415649019332083,False,False
2024-03-22,56.71257781982422,158.4038848876953,6.976641523952054,-0.1998661309128293,False,False
2024-03-25,56.628196716308594,158.93795776367188,6.724571259556598,-0.3307563395715402,False,False
2024-03-26,56.759456634521484,159.0576629638672,6.81824592400239,-0.28211475780960377,False,False
2024-03-27,57.21885299682617,159.8311767578125,7.034773035929042,-0.1696807151496382,False,False
2024-03-28,57.35948944091797,161.15721130371094,6.759058771528501,-0.31284832630806225,False,False
2024-04-01,56.890708923339844,159.28787231445312,6.877216667430787,-0.2514935620465336,False,False
2024-04-02,56.39380645751953,157.86978149414062,6.825568904491199,-0.27831222105866005,False,False
2024-04-03,56.093788146972656,156.2490692138672,7.034424746764287,-0.1698615680620501,False,False
2024-04-04,55.59688949584961,156.22146606445312,6.546192982073961,-0.42338118771013156,False,False
2024-04-05,55.79377365112305,155.75184631347656,6.890529190271565,-0.244580890706333,False,False
2024-04-08,55.568756103515625,156.15699768066406,6.5383014886776465,-0.42747893093164857,False,False
2024-04-09,55.990657806396484,157.10546875,6.66240054160194,-0.3630391566862974,False,False
2024-04-10,55.24061584472656,155.5768585205078,6.3923143654176044,-0.5032843222213332,False,False
2024-04-11,55.36249923706055,155.0335693359375,6.6847806717576645,-0.3514180322632427,False,False
2024-04-12,54.64057922363281,154.79415893554688,6.038031165864126,-0.6872497019738621,False,False
2024-04-15,54.50932312011719,153.73516845703125,6.2392787949099215,-0.5827496959098791,False,False
2024-04-16,54.434322357177734,154.2416229248047,6.005260548505355,-0.7042661991567075,False,False
2024-04-17,54.85621643066406,156.06491088867188,5.854675392178464,-0.7824591688027004,False,False
2024-04-18,55.23124313354492,158.6340789794922,5.423030083264798,-1.006595659815489,False,False
2024-04-19,56.41255569458008,160.3468475341797,6.066564497091598,-0.6724334614028098,False,False
2024-04-22,56.768829345703125,162.49240112304688,5.749173378623077,-0.8372422293961327,False,False
2024-04-23,56.853206634521484,157.6671905517578,7.348578949468397,-0.006733603557510609,False,False
2024-04-24,57.706390380859375,163.36721801757812,6.412057833922674,-0.493032312852148,False,False
2024-04-25,57.8845100402832,162.6950225830078,6.801234623263916,-0.2909480595421786,False,False
2024-04-26,57.8845100402832,161.68206787109375,7.119283963140141,-0.12579750297016445,False,False
2024-04-29,58.1657829284668,162.19775390625,7.23864082375038,-0.06382016332801806,False,False
2024-04-30,57.91264343261719,161.9859619140625,7.052000158020256,-0.16073534584748783,False,False
2024-05-01,58.062652587890625,161.2861328125,7.421742911607822,0.03125757439318779,False,False
2024-05-02,58.1189079284668,161.56236267089844,7.391267105090833,0.015432682537664656,False,False
2024-05-03,58.28765869140625,162.20693969726562,7.35763241552759,-0.0020324934745171814,False,False
2024-05-06,58.456424713134766,161.903076171875,7.621806052745981,0.13514252231155394,False,False
2024-05-07,58.70956039428711,163.92893981933594,7.238857427091865,-0.06370768970233608,False,False
2024-05-08,58.92520523071289,163.36721801757812,7.6308726837761895,0.1398504684480079,False,False
2024-05-09,58.953330993652344,163.96575927734375,7.471067386898142,0.05686984118798439,False,False
2024-05-10,59.30959701538086,165.558837890625,7.327135724203401,-0.017868229991859736,False,False
2024-05-13,59.609615325927734,166.58099365234375,7.306215732729811,-0.028731161625957184,False,False
2024-05-14,59.15958786010742,165.6325225830078,7.153990916866064,-0.10777554220462413,False,False
2024-05-15,59.187713623046875,165.2549591064453,7.30066473834129,-0.031613575446244255,False,False
2024-05-16,59.3658561706543,168.61605834960938,6.4234833085056735,-0.4870995117112429,False,False
2024-05-17,59.09395980834961,167.76885986328125,6.417591848642921,-0.49015871590809457,False,False
2024-05-20,58.66268539428711,166.03765869140625,6.529883088041252,-0.4318502764313366,False,False
2024-05-21,58.9814567565918,166.74673461914062,6.62601751694158,-0.38193143539616714,False,False
2024-05-22,59.06583023071289,167.67678833007812,6.418371056376586,-0.48975410387227014,False,False
2024-05-23,58.21266555786133,165.07998657226562,6.38055486371627,-0.5093905705529309,False,False
2024-05-24,58.1282844543457,163.9013214111328,6.66625316456517,-0.3610386405811952,False,False
2024-05-28,57.95952224731445,159.6562042236328,7.830380476977851,0.2434470459492576,False,False
2024-05-29,57.847007751464844,157.6027069091797,8.362626756331423,0.5198216779570912,False,False
2024-05-30,58.100154876708984,156.98574829101562,8.809487656663542,0.7518590292335982,False,False
2024-05-31,59.00020217895508,159.21420288085938,9.009840784127924,0.8558945556854479,False,False
2024-06-03,59.00020217895508,157.6763916015625,9.49268553175775,1.1066169085127566,False,False
2024-06-04,59.94712829589844,160.1258544921875,9.670524890673683,1.1989619173620327,False,False
2024-06-05,59.92837905883789,159.7575225830078,9.767425168040674,1.249278433489276,False,False
2024-06-06,60.14402389526367,159.490478515625,10.066916980397373,1.4047927933641269,False,False
2024-06-07,59.91900634765625,158.74334716796875,10.076485075295025,1.4097611300325699,False,False
2024-06-10,59.61899185180664,153.97286987304688,11.274313609048846,2.0317465399198196,False,True
2024-06-11,59.58148956298828,153.2025604248047,11.478674464389137,2.137863122378744,False,True
2024-06-12,58.953330993652344,152.0516815185547,11.21187092120104,1.9993224994991383,False,False
2024-06-13,59.056461334228516,151.587646484375,11.460699815290447,2.1285295916001843,False,True
2024-06-14,59.098968505859375,152.0331268310547,11.363334267516521,2.077971478786428,False,True
2024-06-17,59.16511154174805,154.19561767578125,10.750494543796869,1.7597478298987177,False,False
2024-06-18,59.174564361572266,154.51116943359375,10.660869855921447,1.713209242234995,False,False
2024-06-20,58.7493896484375,154.69677734375,10.177417637774191,1.462171453777184,False,False
2024-06-21,59.30683135986328,155.253662109375,10.560007670234498,1.6608354624002304,False,False
2024-06-24,60.440635681152344,155.99615478515625,11.460682807545595,2.1285207601448843,False,True
2024-06-25,60.317806243896484,155.31863403320312,11.550582552924133,2.1752021743893724,False,True
2024-06-26,60.51622009277344,154.75250244140625,11.926751415856785,2.3705319213480234,False,True
2024-06-27,60.38393783569336,154.30699157714844,11.934351460145486,2.3744783264710123,False,True
2024-06-28,60.13829040527344,153.07264709472656,12.076265727397441,2.4481688432672146,False,True
2024-07-01,59.7886962890625,151.17926025390625,12.321160612294307,2.575333158584129,False,True
2024-07-02,59.665870666503906,151.8196563720703,11.997262266300218,2.407145442381052,False,True
2024-07-03,59.8359375,150.91012573242188,12.452905163696322,2.6437429405312964,False,True
2024-07-05,60.242210388183594,152.57144165039062,12.337555095965719,2.583846171389306,False,True
2024-07-08,59.48635482788086,150.46461486816406,12.24320479294596,2.534853756996887,False,True
2024-07-09,59.23124694824219,150.2604522705078,12.052200252428229,2.4356725853379197,False,True
2024-07-10,59.363529205322266,151.82894897460938,11.692003097082356,2.248636320133982,False,True
2024-07-11,59.61863327026367,152.16305541992188,11.842203820215673,2.326629668690026,False,True
2024-07-12,60.18553161621094,154.41836547851562,11.700975863066368,2.2532955258308927,False,True
2024-07-15,59.911529541015625,152.07952880859375,12.16132592641965,2.492337270770039,False,True
2024-07-16,60.72406768798828,152.91481018066406,12.711600927890089,2.7780735115554336,False,True
2024-07-17,61.61221694946289,157.676025390625,12.104815285833496,2.462993509991675,False,True
2024-07-18,61.59331512451172,158.1215057373047,11.946040741477539,2.3805481121170597,False,True
2024-07-19,61.687801361083984,157.18411254882812,12.33485137507649,2.582442235101165,False,True
2024-07-22,61.19648742675781,155.60635375976562,12.338924979248496,2.5845574980868475,False,True
2024-07-23,61.37601089477539,154.32554626464844,12.920598685119067,2.886597855426422,False,True
2024-07-24,62.179107666015625,156.0796661376953,13.172933747938849,3.017625563528376,False,True
2024-07-25,62.424766540527344,158.7247772216797,12.588075893256566,2.7139318025104067,False,True
2024-07-26,63.3507080078125,160.33041381835938,13.009876697934871,2.932956428319268,False,True
2024-07-29,63.14284133911133,160.75735473632812,12.667958352955374,2.755411632918902,False,True
2024-07-30,63.94594192504883,160.72947692871094,13.479812063001539,3.176975444751864,False,True
2024-07-31,63.057804107666016,160.25613403320312,12.74029529815018,2.792973373384361,False,True
2024-08-01,64.21049499511719,162.38153076171875,13.22565030322793,3.0449992045173473,False,True
2024-08-02,65.5049057006836,165.24008178710938,13.622528023425161,3.2510822493905507,False,True
2024-08-05,64.3427734375,161.52767944335938,13.626022516203406,3.2528968025271445,False,True
2024-08-06,64.29552459716797,160.08908081054688,14.030467458556174,3.462909209276016,False,True
2024-08-07,64.68289947509766,159.43939208984375,14.621832767957585,3.7699820364764505,False,True
2024-08-08,64.9380111694336,159.97772216796875,14.707918617436498,3.814683044062097,False,True
2024-08-09,64.8907699584961,159.9962921142578,14.654846781408551,3.787124919710306,False,True
2024-08-12,64.40890502929688,159.09600830078125,14.455654581019111,3.6836922171870983,False,True
2024-08-13,64.68289947509766,159.97772216796875,14.45280692310056,3.6822135400410985,False,True
2024-08-14,64.7962875366211,161.22140502929688,14.175701205969908,3.5383234020165255,False,True
2024-08-15,64.86241912841797,160.116943359375,14.588613656679506,3.752732653979579,False,True
2024-08-16,65.3631820678711,160.20974731445312,15.060237843626382,3.997628609422883,False,True
2024-08-19,65.17420959472656,161.32350158691406,14.521566803532906,3.7179178509748874,False,True
2024-08-20,65.55215454101562,163.20755004882812,14.307954829696378,3.6069975252692017,False,True
2024-08-21,65.7316665649414,162.6135711669922,14.673965409822536,3.797052474110173,False,True
2024-08-22,65.5049057006836,163.10545349121094,14.292762449906817,3.5991087178946106,False,True
2024-08-23,65.93952941894531,163.22607421875,14.68951345548161,3.8051259648308347,False,True
2024-08-26,66.93159484863281,163.31895446777344,15.652416177752876,4.305123608497363,False,True
2024-08-27,67.55518341064453,162.69705200195312,16.471270793019627,4.730322716017898,False,True
2024-08-28,67.79139709472656,161.41629028320312,17.10962034200866,5.061792617335916,False,True
2024-08-29,68.07484436035156,159.71786499023438,17.926342231764757,5.485884284088812,False,True
2024-08-30,68.4716796875,160.45103454589844,18.092975664935445,5.5724104949036315,False,True
2024-09-03,68.98187255859375,164.77603149414062,17.24519822583055,5.132192898565095,False,True
2024-09-04,68.55669403076172,165.68557739257812,16.534438843116504,4.763123408624675,False,True
2024-09-05,67.24339294433594,166.4095001220703,14.993839197803212,3.9631503950754103,False,True
2024-09-06,67.21504974365234,165.84371948242188,15.143140818589387,4.040676875022002,False,True
2024-09-09,67.88587188720703,166.6386260986328,15.56437675500613,4.25940818688208,False,True
2024-09-10,67.60242462158203,166.28323364257812,15.39251625107515,4.17016776309125,False,True
2024-09-11,67.15835571289062,164.3848419189453,15.544507785586589,4.249091009806893,False,True
2024-09-12,67.3000717163086,165.75955200195312,15.254589847941531,4.098547987831354,False,True
2024-09-13,67.93270111083984,165.8624267578125,15.854918441848461,4.410275097368536,False,True
2024-09-16,68.5890884399414,165.72213745117188,16.55535405943119,4.7739838607059095,False,True
2024-09-17,68.3037109375,165.4041748046875,16.369811039844954,4.677638642807819,False,True
2024-09-18,68.25614166259766,163.85182189941406,16.809652318415658,4.906030979630676,False,True
2024-09-19,67.18115997314453,163.3374481201172,15.896174632084133,4.431697819962816,False,True
2024-09-20,68.1514892578125,160.08303833007812,17.88832934807155,5.466145683463879,False,True
2024-09-23,68.23712158203125,160.95277404785156,17.700880489438674,5.368810838046323,False,True
2024-09-24,67.8565902709961,158.90472412109375,17.96339957303374,5.505126708984375,False,True
2024-09-25,67.97073364257812,158.41842651367188,18.230231540862746,5.643682091665929,False,True
2024-09-26,67.92318725585938,158.68963623046875,18.097530240127874,5.574775507289042,False,True
2024-09-27,68.294189453125,158.97955322265625,18.377503779448958,5.720154792975684,False,True
2024-09-30,68.36077880859375,159.0263214111328,18.429408775096654,5.747107022851153,False,True
2024-10-01,68.21808624267578,160.2700958251953,17.896193684632614,5.470229325205235,False,True
2024-10-02,67.55216217041016,158.5587158203125,17.767611780213613,5.403461781879562,False,True
2024-10-03,67.0860366821289,157.60482788085938,17.600989740497887,5.316941487239349,False,True
2024-10-04,66.75306701660156,157.08116149902344,17.432441786128372,5.229421140603721,False,True
2024-10-07,65.6495590209961,156.37042236328125,16.55209294096494,4.772290489702662,False,True
2024-10-08,65.81128692626953,159.372314453125,15.771281375988622,4.36684564713865,False,True
2024-10-09,66.18229675292969,161.35488891601562,15.519798911768035,4.236260660072509,False,True
2024-10-10,65.87789154052734,161.77572631835938,15.083258415886199,4.009582290329106,False,True
2024-10-11,66.18229675292969,163.4777374267578,14.853263123388125,3.8901547493702644,False,True
2024-10-14,66.914794921875,164.68411254882812,15.206981464662213,4.073826820357361,False,True
2024-10-15,66.914794921875,164.49705505371094,15.265714112964432,4.104324382653307,False,True
2024-10-16,67.13359832763672,163.1691131591797,15.901467099968123,4.434445991101987,False,True
2024-10-17,66.49623107910156,163.3468017578125,15.208308866076955,4.074516087885866,False,True
2024-10-18,67.00994110107422,163.7115020751953,15.607509627337379,4.281805396933915,False,True
2024-10-21,66.06814575195312,163.66476440429688,14.680389056073345,3.80038802183983,False,True
2024-10-22,66.06814575195312,163.06626892089844,14.868305742944855,3.897965792125649,False,True
2024-10-23,64.6982650756836,161.73829650878906,13.91538422988129,3.403150999197171,False,True
2024-10-24,64.02283477783203,160.99951171875,13.471918907382403,3.1728768384031847,False,True
2024-10-25,63.66134262084961,160.65350341796875,13.219067058165791,3.041580783380283,False,True
2024-10-28,63.42351150512695,158.82992553710938,13.553806200914288,3.21539770044374,False,True
2024-10-29,62.367557525634766,156.64161682128906,13.184941322569493,3.023860626409194,False,True
2024-10-30,62.710025787353516,155.43524169921875,13.906189411959467,3.3983764906320584,False,True
2024-10-31,62.12973403930664,155.3136749267578,13.36406741748334,3.1168737868298573,False,True
2024-11-01,61.8443489074707,154.8554229736328,13.22256505698374,3.0433971570658795,False,True
2024-11-04,61.939476013183594,155.55679321289062,13.0974746752008,2.9784426245983764,False,True
2024-11-05,62.18681716918945,156.9689178466797,12.901434402286789,2.8766465944765143,False,True
2024-11-06,60.598140716552734,154.03248596191406,12.23474410713235,2.530460454461996,False,True
2024-11-07,60.56008529663086,153.36851501464844,12.405163477831458,2.6189525542492906,False,True
2024-11-08,60.80741882324219,154.40655517578125,12.326571290163358,2.5781427115354205,False,True
2024-11-11,60.27469253540039,153.61163330078125,12.043436000441496,2.4311216527872985,False,True
2024-11-12,60.12248611450195,153.68646240234375,11.867734603829376,2.3398868039670986,False,True
2024-11-13,59.932220458984375,154.060546875,11.560013233671356,2.180099157275307,False,True
2024-11-14,59.504127502441406,154.44393920898438,11.011542063469726,1.8952995753684427,False,False
2024-11-15,58.733577728271484,148.33726501464844,12.158376821405632,2.49080591612348,False,True
2024-11-18,58.84773254394531,148.06607055664062,12.357681760113579,2.594297159236823,False,True
2024-11-19,59.54218292236328,146.56044006347656,13.524872705129532,3.2003736701021395,False,True
2024-11-20,59.92271041870117,148.44949340820312,13.31227183924679,3.0899783731274906,False,True
2024-11-21,60.65521240234375,149.9457550048828,13.57497491923759,3.2263897861822928,False,True
2024-11-22,60.80741882324219,151.49813842773438,13.239761204698993,3.0523264425886034,False,True
2024-11-25,61.245018005371094,152.48007202148438,13.369051113351738,3.1194616247633413,False,True
2024-11-26,61.4067497253418,151.64779663085938,13.792102155371232,3.3391354498216805,False,True
2024-11-27,61.2925910949707,152.17147827148438,13.513517022860313,3.1944771093743407,False,True
2024-11-29,61.4219856262207,152.85415649414062,13.428563019560904,3.150363825148132,False,True
2024-12-02,61.009822845458984,152.48007202148438,13.133855953439628,2.997333996459994,False,True
2024-12-03,60.88521957397461,151.2176055908203,13.405644159447753,3.138462959373167,False,True
2024-12-04,59.629554748535156,149.796142578125,12.596292843910376,2.7181985429297697,False,True
2024-12-05,60.31010055541992,150.0860595703125,13.1858099928506,3.02431169283951,False,True
2024-12-06,59.936279296875,148.8175048828125,13.210291813615015,3.0370241428219966,False,True
2024-12-09,60.00337600708008,150.40199279785156,12.779888162261194,2.81353239591451,False,True
2024-12-10,60.300514221191406,150.7509307861328,12.967466200063278,2.9109343190115875,False,True
2024-12-11,60.04171371459961,147.8555145263672,13.617773691345597,3.248613511082923,False,True
2024-12-12,61.19194412231445,149.86439514160156,14.137252155216729,3.5183583169324804,False,True
2024-12-13,60.50180435180664,148.98728942871094,13.722507611865133,3.302997731067476,False,True
2024-12-16,59.955448150634766,147.14816284179688,13.753603679819442,3.319144700376872,False,True
2024-12-17,60.77019119262695,147.2613525390625,14.53280721735728,3.72375455731711,False,True
2024-12-18,60.24300765991211,145.6485595703125,14.512011317805921,3.7129560617545683,False,True
2024-12-19,59.85960006713867,142.85690307617188,15.005133045326453,3.969014847443174,False,True
2024-12-20,59.955448150634766,144.10182189941406,14.710099280626693,3.815815376987853,False,True
2024-12-23,59.792503356933594,142.68714904785156,14.991336009838903,3.9618505876754933,False,True
2024-12-24,60.23341751098633,144.12071228027344,14.982137405265867,3.95707411285082,False,True
2024-12-26,59.9746208190918,143.77174377441406,14.832910471644581,3.879586415021667,False,True
2024-12-27,59.85960006713867,144.19615173339844,14.584633346424646,3.7506658348685087,False,True
2024-12-30,59.4570198059082,143.09268188476562,14.528522530277087,3.721529687250389,False,True
2024-12-31,59.6774787902832,143.41334533691406,14.648299027983427,3.7837249279892844,False,True
2025-01-02,59.27490234375,141.66854858398438,14.793556999870454,3.859151699549321,False,True
2025-01-03,59.18863296508789,141.140380859375,14.87312267205531,3.9004670346179906,False,True
2025-01-06,58.287628173828125,137.95260620117188,14.973021093733742,3.952340369576898,False,True
2025-01-07,58.31637954711914,137.13204956054688,15.25941231489979,4.101052105911011,False,True
2025-01-08,59.15029525756836,138.2072296142578,15.755741060888681,4.358776170594355,False,True
2025-01-10,58.536842346191406,134.52899169921875,16.2971878967821,4.63992829100672,False,True
2025-01-13,59.092777252197266,136.28323364257812,16.302322766511537,4.642594627601136,False,True
2025-01-14,59.466609954833984,136.7076416015625,16.542899095881445,4.767516486294364,False,True
2025-01-15,59.20780944824219,136.5473175048828,16.334437437132976,4.659270517352461,False,True
2025-01-16,59.66789627075195,138.2072296142578,16.273342074072275,4.627546089886676,False,True
2025-01-17,60.10881805419922,139.82000732421875,16.20788101533806,4.59355472776671,False,True
2025-01-21,59.83083724975586,140.10292053222656,15.841070613686817,4.403084462955966,False,True
2025-01-22,59.21738815307617,139.66909790039062,15.363833926166144,4.155274155941035,False,True
2025-01-23,58.97775650024414,140.16896057128906,14.967254494091733,3.9493460003989074,False,True
2025-01-24,59.35157775878906,140.64053344726562,15.193010454016864,4.066572222109018,False,True
2025-01-27,61.220699310302734,145.818359375,15.436388920533027,4.192949120795335,False,True
2025-01-28,59.773338317871094,141.70626831054688,15.280149666494765,4.11182019981453,False,True
2025-01-29,60.223838806152344,141.81942749023438,15.69512023228566,4.32729815027354,False,True
2025-01-30,61.39323425292969,143.262451171875,16.411432511599045,4.69925104177777,False,True
2025-01-31,60.84687423706055,142.12123107910156,16.223394830273598,4.601610443814278,False,True
2025-02-03,60.72226333618164,141.72515869140625,16.223143449092923,4.601479911419787,False,True
2025-02-04,60.070472717285156,135.33067321777344,17.579104864731207,5.305577529009525,False,True
2025-02-05,60.50180435180664,137.37725830078125,17.367846038894193,5.195879100830705,False,True
2025-02-06,60.73185348510742,137.08489990234375,17.68969038725905,5.363000256569304,False,True
2025-02-07,61.19194412231445,136.3586883544922,18.377798230653163,5.720307689945307,False,True
2025-02-10,61.872493743896484,136.14178466796875,19.1264516613237,6.109054073770232,False,True
2025-02-11,64.79597473144531,137.3583984375,21.66793807228126,7.428748355963041,False,True
2025-02-12,65.85993957519531,135.80224609375,23.220506424021572,8.23493624965838,False,True
2025-02-13,66.61717224121094,136.3586883544922,23.803026349549647,8.537416015699364,False,True
2025-02-14,66.01331329345703,135.23635864257812,23.551558500627046,8.406838617784635,False,True
2025-02-18,66.18583679199219,135.9059600830078,23.51383933618429,8.38725253405443,False,True
2025-02-19,67.16351318359375,137.51873779296875,23.985132885604365,8.631976802389072,False,True
2025-02-20,67.134765625,140.62168884277344,22.9821151829942,8.11114902169908,False,True
2025-02-21,68.39042663574219,144.77146911621094,22.934820729810212,8.086590865819415,False,True
2025-02-24,67.66194915771484,145.1015625,22.102699938240015,7.654503152899009,False,True
2025-02-25,68.5246353149414,147.52540588378906,22.204343396212245,7.707282616810334,False,True
2025-02-26,67.86324310302734,142.8946075439453,22.99693756470034,8.118845703570654,False,True
2025-02-27,67.93033599853516,143.3756103515625,22.913004334714167,8.07526246691782,False,True
2025-02-28,68.25623321533203,144.74317932128906,22.809509790022645,8.021521806224658,False,True
2025-03-03,69.3201904296875,147.119873046875,23.127228439494765,8.1865006482309,False,True
2025-03-04,67.27854919433594,145.4222412109375,21.61861269721045,7.403135621947503,False,True
2025-03-05,67.17311096191406,145.12985229492188,21.604979261816645,7.396056313296361,False,True
2025-03-06,67.53734588623047,145.818359375,21.75303549646076,7.472936113031045,False,True
2025-03-07,68.46710968017578,146.9458465576172,22.328788839659758,7.771902258077963,False,True
2025-03-10,68.48627471923828,148.66799926757812,21.807229277585698,7.501076819498187,False,True
2025-03-11,68.0932846069336,144.938232421875,22.585318058755526,7.905107827148276,False,True
2025-03-12,67.0389175415039,140.98008728027344,22.77373651435066,8.00294614626595,False,True
2025-03-13,66.73218536376953,141.14183044433594,22.41621992744723,7.817301795191975,False,True
2025-03-14,66.78047180175781,141.3797149658203,22.389814956101013,7.803590728488321,False,True
2025-03-17,67.70744323730469,143.99627685546875,22.49523358977043,7.85833049317496,False,True
2025-03-18,66.9928970336914,141.7602996826172,22.48274351506341,7.85184488691559,False,True
2025-03-19,66.8963394165039,140.92300415039062,22.64908145300174,7.938217658637886,False,True
2025-03-20,67.31155395507812,140.00958251953125,23.35109375588523,8.302745132855343,False,True
2025-03-21,66.30732727050781,138.39207458496094,22.854735117915496,8.045005546437931,False,True
2025-03-24,66.57769012451172,139.34356689453125,22.82634670752742,8.03026455757875,False,True
2025-03-25,66.4425048828125,138.4777069091797,22.963025739252565,8.1012366217557,False,True
2025-03-26,67.61088562011719,141.42727661132812,23.205295283575488,8.227037700610163,False,True
2025-03-27,68.30609893798828,142.40728759765625,23.59280299170205,8.428255265463317,False,True
2025-03-28,67.94884490966797,142.02671813964844,23.355040845370944,8.304794701723049,False,True
2025-03-31,69.15583038330078,142.66419982910156,24.3618686731297,8.82760093106866,False,True
2025-04-01,69.39722442626953,142.40728759765625,24.6839284799833,8.994833965955786,False,True
2025-04-02,68.87580871582031,141.88400268554688,24.32681470614198,8.809398779917109,False,True
2025-04-03,70.66217041015625,144.02481079101562,25.441001626287445,9.387952378106911,False,True
2025-04-04,67.52397155761719,139.49578857421875,23.724833304230003,8.496813431963062,False,True
2025-04-07,66.01765441894531,136.24176025390625,23.240221822327655,8.245173683273416,False,True
2025-04-08,66.06592559814453,133.4919891357422,24.151871076238855,8.718557409648982,False,True
2025-04-09,67.54328155517578,138.5252685546875,24.048868920730946,8.665072427360169,False,True
2025-04-10,68.32542419433594,137.14564514160156,25.264188197157182,9.296140094385041,False,True
2025-04-11,68.97236633300781,137.42156982421875,25.82449500837584,9.58708546078594,False,True
2025-04-14,69.95726776123047,139.62899780273438,26.11630423500877,9.738610555005698,False,True
2025-04-15,69.3875732421875,135.90872192382812,26.714708618638134,10.049338497563237,False,True
2025-04-16,69.21376037597656,133.29217529296875,27.36244376332266,10.385681970866889,False,True
2025-04-17,70.48834991455078,135.90872192382812,27.815485291001416,10.620928679680999,False,True
2025-04-21,70.2662582397461,134.8525848388672,27.925001435124692,10.677796120948503,False,True
2025-04-22,71.35737609863281,136.4986572265625,28.499282529112293,10.97599778468328,False,True
2025-04-23,70.77803039550781,135.3568572998047,28.278441217846876,10.86132354739742,False,True
2025-04-24,70.02485656738281,128.7440948486328,29.601554421724884,11.548364376072847,False,True
2025-04-25,69.43585968017578,126.90776824951172,29.58913065844758,11.541913202739916,False,True
2025-04-28,69.3199691772461,127.2693099975586,29.359722628079048,11.422790603987794,False,True
2025-04-29,69.86071014404297,127.79263305664062,29.736149680813035,11.618254418790789,False,True
2025-04-30,70.05384063720703,129.0010223388672,29.549867936682254,11.521525610190285,False,True
2025-05-01,68.83718872070312,127.06952667236328,28.939670498823865,11.204673996788577,False,True
2025-05-02,69.1847915649414,127.25981903076172,29.22752500657655,11.354145560495075,False,True
2025-05-05,69.23307800292969,125.58521270751953,29.801607345798487,11.652244018670038,False,True
2025-05-06,69.25238037109375,124.39588165283203,30.194338014743032,11.856173662367246,False,True
2025-05-07,69.90899658203125,125.51861572265625,30.498436165826305,12.014079913401968,False,True
2025-05-08,68.7213134765625,125.0523910522461,29.45713911978737,11.473375169989987,False,True
2025-05-09,68.09368133544922,124.11043548583984,29.1252638793179,11.301045365132243,False,True
2025-05-12,67.13773345947266,125.29025268554688,27.798874879836028,10.612303544191262,False,True
2025-05-13,66.58734893798828,123.98674011230469,27.657769577416296,10.539033091125866,False,True
2025-05-14,66.78047180175781,122.21699523925781,28.40656011517129,10.927850669285974,False,True
2025-05-15,69.14617156982422,125.1189956665039,29.861084576631832,11.68312821349123,False,True
2025-05-16,69.52275085449219,125.5757064819336,30.094264979145166,11.804209657243794,False,True
2025-05-19,69.45516204833984,125.3949203491211,30.08343972769424,11.79858852845023,False,True
2025-05-20,69.22342681884766,125.40445709228516,29.848710134453874,11.676702650672098,False,True
2025-05-21,69.37792205810547,123.83450317382812,30.496142324918367,12.012888811723275,False,True
2025-05-22,68.69234466552734,123.80596160888672,29.819526464165783,11.661548714516254,False,True
2025-05-23,69.30066680908203,123.06381225585938,30.660869994603495,12.098425434254537,False,True
2025-05-27,69.3103256225586,124.99530792236328,30.064074329434547,11.788532836141384,False,True
2025-05-28,68.70199584960938,124.32926177978516,29.66487092065792,11.581242152341936,False,True
2025-05-29,69.03031158447266,125.51861572265625,29.61975116826771,11.55781323334926,False,True
2025-05-30,69.61930847167969,125.07142639160156,30.349157364863203,11.9365652828951,False,True
2025-06-02,69.52275085449219,124.55764770507812,30.413916902499416,11.97019237260429,False,True
2025-06-03,68.71166229248047,125.45201873779297,29.322012117201787,11.403209013714983,False,True
2025-06-04,68.9144287109375,125.34734344482422,29.557644672158794,11.525563764121884,False,True
2025-06-05,68.47025299072266,124.74791717529297,29.301677888717286,11.392650245842725,False,True
2025-06-06,68.8951187133789,125.0778579711914,29.62294820765065,11.55947333059606,False,True
2025-06-09,69.30066680908203,125.01053619384766,30.049634115924896,11.781034599235545,False,True
2025-06-10,69.86071014404297,126.8093032836914,30.044897329141925,11.778574971512766,False,True
2025-06-11,69.59033966064453,124.95280456542969,30.35743364787335,11.940862832281635,False,True
2025-06-12,69.7544937133789,127.26140594482422,29.79672889288635,11.649710829278845,False,True
2025-06-13,69.06404113769531,125.86664581298828,29.54420560860995,11.51858538515162,False,True
2025-06-16,68.57781982421875,126.4052963256836,28.888857839654428,11.178288974433233,False,True
2025-06-17,67.70260620117188,124.36603546142578,28.65393500560745,11.056302754278109,False,True
2025-06-18,67.30389404296875,124.15442657470703,28.32166418573985,10.883767540543253,False,True
2025-06-20,66.944091796875,124.15442657470703,27.9618619396461,10.69693633623587,False,True
2025-06-23,67.81929779052734,124.17365264892578,28.831031295982115,11.148261916757733,False,True
2025-06-24,68.27635955810547,126.05902862548828,28.696119328000904,11.078207419524713,False,True
2025-06-25,67.71232604980469,123.1444091796875,29.047223268417575,11.26052193461538,False,True
2025-06-26,67.55674743652344,123.33679962158203,28.83123755862613,11.14836902086451,False,True
2025-06-27,68.39305877685547,126.04937744140625,28.815848842864057,11.140378263914586,False,True
2025-06-30,68.8014907836914,127.01130676269531,28.92225255362201,11.195629540524191,False,True
2025-07-01,69.6961441040039,130.1086883544922,28.84438443834702,11.155195680224772,False,True
2025-07-02,68.95708465576172,131.28219604492188,27.73686493765532,10.580104211634472,False,True
2025-07-03,69.38496398925781,130.22412109375,28.496960544793012,10.97479206923413,False,True
2025-07-07,69.05432891845703,129.3295135498047,28.447215957499097,10.948961654741735,False,True
2025-07-08,68.30553436279297,129.8970489501953,27.5202256174356,10.467611903605807,False,True
2025-07-09,67.56646728515625,129.35838317871094,26.950289786259837,10.17166656454099,False,True
2025-07-10,67.84848022460938,130.89744567871094,26.749065117559375,10.067178480884431,False,True
2025-07-11,67.94572448730469,130.1086883544922,27.093964821647802,10.246271379218676,False,True
2025-07-14,67.55674743652344,130.4068603515625,26.611367191661593,9.99567734489817,False,True
2025-07-15,67.44977569580078,128.71389770507812,27.035954903515076,10.216149102373063,False,True
2025-07-16,67.36224365234375,130.19525146484375,26.48330474581742,9.929179536050746,False,True
2025-07-17,68.64588928222656,139.90098571777344,24.71952650190689,9.013318623511848,False,True
2025-07-18,67.92627716064453,137.78475952148438,24.664370882518035,8.984678472132542,False,True
2025-07-21,68.14021301269531,136.30340576171875,25.34342484880944,9.337284581986765,False,True
2025-07-22,67.74150848388672,140.47813415527344,23.633931600509456,8.449611740022325,False,True
2025-07-23,67.25527954101562,140.1125946044922,23.26247542236043,8.256729105562846,False,True
2025-07-24,67.19692993164062,139.00637817382812,23.55145763482782,8.406786242128431,False,True
2025-07-25,67.26500701904297,137.9867706298828,23.939672930257117,8.60837122933472,False,True
2025-07-28,66.2147445678711,136.17837524414062,23.45721371046931,8.357849066005395,False,True
2025-07-29,67.4692153930664,138.41000366210938,24.01099383662752,8.645405380661293,False,True
2025-07-30,66.85657501220703,137.41921997070312,23.70944149880261,8.488821070671035,False,True
2025-07-31,66.02025604248047,132.6673583984375,24.365120560643042,8.829289508799862,False,True
2025-08-01,66.96353912353516,133.97557067871094,24.897648800177983,9.105810551678733,False,True
2025-08-04,67.060791015625,134.24490356445312,24.91033506903735,9.112398033871788,False,True
2025-08-05,67.1483154296875,134.1391143798828,25.031075361285616,9.17509373534134,False,True
2025-08-06,67.59564208984375,135.43768310546875,25.070675080544277,9.195656317480982,False,True
2025-08-07,68.49030303955078,138.43887329101562,25.023016945173417,9.170909315695834,False,True
2025-08-08,68.40277862548828,139.6797332763672,24.54588508412629,8.923153440960046,False,True
2025-08-11,68.8014907836914,139.35267639160156,25.04728715045485,9.183511882052064,False,True
2025-08-12,68.76258850097656,141.27651977539062,24.404333066566025,8.849651026230726,False,True
2025-08-13,68.51947021484375,143.6620635986328,23.412197445991552,8.334473884229547,False,True
2025-08-14,67.63452911376953,142.95986938476562,22.74773254544101,7.989443304410718,False,True
2025-08-15,67.99434661865234,144.67205810546875,22.569953960431356,7.897129853068999,False,True
2025-08-18,67.22610473632812,143.8544464111328,22.058427266456732,7.631514089665032,False,True
2025-08-19,68.19856262207031,146.3650360107422,22.24260572029118,7.727150742051009,False,True
2025-08-20,68.75286102294922,144.989501953125,23.228796775260953,8.239241104124968,False,True
2025-08-21,68.71397399902344,143.30615234375,23.718450885253155,8.493499291940912,False,True
2025-08-22,68.19856262207031,143.94100952148438,23.003705911329476,8.12236024069659,False,True
2025-08-25,67.0316162109375,142.55584716796875,22.27167526392769,7.742245416709767,False,True
2025-08-26,66.83712768554688,141.4015655517578,22.43961015367026,7.829447422913075,False,True
2025-08-27,66.93437194824219,142.01718139648438,22.343562247693335,7.7795735098408505,False,True
2025-08-28,66.47730255126953,141.38230895996094,22.08583123867323,7.645743898365782,False,True
2025-08-29,67.08995056152344,142.9887237548828,22.194094246238436,7.701960634934115,False,True
2025-09-02,67.15802764892578,144.55665588378906,21.769869187548714,7.481677189033336,False,True
2025-09-03,67.08995056152344,142.97911071777344,22.1971125648966,7.703527929513319,False,True
2025-09-04,66.37034606933594,141.29574584960938,22.00605399760908,7.604318703870326,False,True
2025-09-05,66.08833312988281,142.19227600097656,21.442546910917457,7.311711559847914,False,True
2025-09-08,65.57292938232422,137.64649963378906,22.354434192073278,7.78521888444237,False,True
2025-09-09,65.9910888671875,138.9966278076172,22.34867800787083,7.782229923593921,False,True
2025-09-10,65.95218658447266,138.56924438476562,22.44396633991223,7.831709419692169,False,True
2025-09-11,65.75769805908203,140.09422302246094,21.770662282751324,7.482089012287479,False,True
2025-09-12,65.16449737548828,139.414306640625,21.390942965965515,7.284915653799369,False,True
2025-09-15,64.88031768798828,136.607177734375,21.988150654504523,7.595022199499752,False,True
2025-09-16,64.90970611572266,136.01466369628906,22.20357770416755,7.706885022942058,False,True
2025-09-17,65.69364929199219,137.1802520751953,22.621547347644054,7.923920276897354,False,True
2025-09-18,65.12528991699219,136.694580078125,22.20568013862915,7.7079767347551496,False,True
2025-09-19,65.09588623046875,137.69505310058594,21.862146135503096,7.529592991403383,False,True
2025-09-22,64.88031768798828,136.98599243164062,21.86920973544499,7.533260842002474,False,True
2025-09-23,65.37027740478516,137.83103942871094,22.093840078261515,7.649902574865522,False,True
2025-09-24,65.11549377441406,138.09329223632812,21.75671384030659,7.474846132821175,False,True
2025-09-25,64.65493774414062,135.90780639648438,21.98236057951108,7.592015640491855,False,True
2025-09-26,64.35115814208984,136.41290283203125,21.519989891392925,7.351924664308676,False,True
2025-09-29,64.71372985839844,136.15065002441406,21.96490421528535,7.582951234734167,False,True
2025-09-30,64.98810577392578,136.41290283203125,22.156937523228862,7.682666604995831,False,True
2025-10-01,65.4388656616211,139.0354766845703,21.784256962139857,7.489148196464084,False,True
2025-10-02,64.77252197265625,138.22926330566406,21.371049597972785,7.274585807501403,False,True
2025-10-03,65.31147766113281,137.90875244140625,22.01063986329804,7.606699964184184,False,True
2025-10-06,64.77252197265625,135.69410705566406,22.167042510895826,7.687913729036403,False,True
2025-10-07,65.44866180419922,136.7528533935547,22.510755265589324,7.866390291071156,False,True
2025-10-08,64.79212188720703,134.85877990722656,22.448919943894815,7.834281632088773,False,True
2025-10-09,65.03710174560547,140.5604705810547,20.903672723371955,7.031895314890241,False,True
2025-10-10,65.69364929199219,145.77647399902344,19.922490147804467,6.52240565986755,False,True
2025-10-13,65.45846557617188,144.62060546875,20.050228109245047,6.588734976682029,False,True
2025-10-14,66.15421295166016,147.19459533691406,19.937789522627718,6.530350025569573,False,True
2025-10-15,65.73284149169922,146.8255157470703,19.632302335212174,6.3717225024093915,False,True
2025-10-16,66.23259735107422,148.29220581054688,19.671544214045745,6.392099272041481,False,True
2025-10-17,67.0655288696289,149.30239868164062,20.187293560465676,6.659907693357657,False,True
2025-10-20,67.0655288696289,149.23440551757812,20.208642176244673,6.670993192794052,False,True
2025-10-21,69.7896957397461,148.78756713867188,23.073108163164378,8.158398109922622,False,True
2025-10-22,69.38792419433594,148.6418914794922,22.717076122880357,7.973524625722785,False,True
2025-10-23,68.53541564941406,147.16546630859375,22.32813820501405,7.7715644090074205,False,True
2025-10-24,68.31002807617188,147.20433044433594,22.090548000625297,7.6481931279787245,False,True
2025-10-27,68.65299987792969,148.2533721923828,22.104139790083785,7.655250811527926,False,True
2025-10-28,68.75099182128906,145.81532287597656,22.967634836936774,8.103629945534136,False,True
2025-10-29,66.97733306884766,141.9688720703125,22.40169161730156,7.80975781315591,False,True
2025-10-30,67.59468078613281,143.31903076171875,22.595114083557,7.91019451888229,False,True
2025-10-31,67.51628875732422,141.90089416503906,22.96199113057512,8.100699390019955,False,True
2025-11-03,66.60497283935547,139.4822998046875,22.810069814053705,8.021812604754407,False,True
2025-11-04,67.28111267089844,138.8023681640625,23.69969580338661,8.483760513014287,False,True
2025-11-05,67.13412475585938,138.76351928710938,23.564905728512116,8.413769310094107,False,True
2025-11-06,67.6730728149414,137.5202178955078,24.494227791698307,8.896329833658095,False,True
2025-11-07,69.1331558227539,138.85093688964844,25.53648925954537,9.43753536351549,False,True
2025-11-10,69.10374450683594,138.53038024902344,25.607726893422075,9.474526274699867,False,True
2025-11-11,70.17186737060547,140.91986083984375,25.925596349394702,9.639583424611113,False,True
2025-11-12,70.0738754272461,140.2496337890625,26.03804349927512,9.697972822290462,False,True
2025-11-13,69.64271545410156,140.861572265625,25.414745984119648,9.374318852192804,False,True
2025-11-14,69.73090362548828,141.66778564453125,25.249797830708594,9.288667741104307,False,True
2025-11-17,69.26054382324219,143.5909881591797,24.175587448532397,8.730872392241531,False,True
2025-11-18,69.7896957397461,144.50404357910156,24.418056584294966,8.856777111107816,False,True
2025-11-19,69.6819076538086,142.8916473388672,24.816531565989024,9.063689551273255,False,True
2025-11-20,69.77989959716797,141.9105987548828,25.222554905868726,9.27452155799415,False,True
2025-11-21,71.48495483398438,142.13400268554688,26.857465375265868,10.123466486071752,False,True
2025-11-24,71.1321792602539,141.32781982421875,26.757816544369184,10.071722753823346,False,True
2025-11-25,71.15178680419922,141.92030334472656,26.59139504834983,9.98530659366455,False,True
2025-11-26,71.4163589477539,143.7366943359375,26.285653485953986,9.82654698354707,False,True
2025-11-28,71.65154266357422,144.47491455078125,26.289049492755517,9.828310396776017,False,True
2025-12-01,71.00025177001953,145.2228240966797,25.4029286166139,9.368182556416967,False,True
2025-12-02,69.73715209960938,144.34864807128906,24.41430430481652,8.854828699441498,False,True
2025-12-03,69.87529754638672,143.81439208984375,24.720196404257663,9.013666477546453,False,True
2025-12-04,69.52005004882812,142.6973876953125,24.71566795281339,9.011315030199565,False,True
2025-12-05,69.07598876953125,142.2393341064453,24.415427162086893,8.855411755212735,False,True
2025-12-08,69.32269287109375,142.837646484375,24.474272068561845,8.885967608777936,False,True
2025-12-09,69.164794921875,141.86660766601562,24.621262631673346,8.962294047053662,False,True
2025-12-10,69.2832260131836,146.82960510253906,23.181402873521336,8.214631308508151,False,True
2025-12-11,68.19773864746094,146.1822509765625,22.29917291902484,7.756523871258633,False,True
2025-12-12,69.58912658691406,147.76138305664062,23.194742131600044,8.221557862409549,False,True
2025-12-15,70.03319549560547,148.32046508789062,23.4632694599184,8.360993579345264,False,True
2025-12-16,69.44110870361328,147.48675537109375,23.132952342282728,8.189472846606046,False,True
2025-12-17,69.73715209960938,147.2023162841797,23.51830443368641,8.38957108418225,False,True
2025-12-18,69.43123626708984,146.50592041015625,23.43104422853166,8.344260279721839,False,True
2025-12-19,69.13520050048828,145.3191375732422,23.507636668717076,8.384031731946052,False,True
2025-12-22,69.2832260131836,144.23040771484375,23.997503537886118,8.638400397263647,False,True
2025-12-23,68.94770812988281,140.92503356933594,24.69981296577504,9.003082156850905,False,True
2025-12-24,69.1845474243164,140.98388671875,24.918173442645887,9.116468194069487,False,True
2025-12-26,68.94770812988281,141.02310180664062,24.6690213244798,8.987093264373865,False,True
2025-12-29,69.23388671875,141.4742889404297,24.813535366675296,9.06213374240267,False,True
2025-12-30,69.14506530761719,141.3958282470703,24.74934918497147,9.028804373957056,False,True
2025-12-31,68.9871826171875,140.7681121826172,24.78855791193771,9.049163929123793,False,True
2026-01-02,68.20761108398438,139.50282287597656,24.40626418789654,8.850653781849292,False,True
2026-01-05,67.04318237304688,137.23712158203125,23.953224438795623,8.615407996580945,False,True
2026-01-06,66.94449615478516,136.2955322265625,24.15018013760978,8.717679371493551,False,True
2026-01-07,66.64846801757812,134.38291931152344,24.45467763882688,8.87579298940064,False,True
2026-01-08,68.45431518554688,136.69766235351562,25.533737628820425,9.43610654952744,False,True
2026-01-09,69.57926177978516,137.22732543945312,26.49237965597603,9.933891781214086,False,True
2026-01-12,69.56939697265625,138.64952087402344,26.035971371809183,9.696896847712363,False,True
2026-01-13,70.29962921142578,140.72886657714844,26.113326911872484,9.737064547794228,False,True
2026-01-14,70.49698638916016,143.1220703125,25.55926168220266,9.449360190059094,False,True
2026-01-15,69.5496597290039,143.75962829589844,24.411753421262375,8.85350412559116,False,True
2026-01-16,69.51018524169922,143.51441955566406,24.44927001465078,8.872985022112411,False,True
2026-01-20,70.80289459228516,144.82872009277344,25.329312921900133,9.32995681144562,False,True
2026-01-21,71.05946350097656,143.92636108398438,25.869206132952925,9.61030219537102,False,True
2026-01-22,70.92131042480469,141.63121032714844,26.451688613872,9.912762517894153,False,True
2026-01-23,71.91797637939453,141.80776977539062,27.392918115773618,10.401506107682915,False,True
2026-01-26,71.60220336914062,143.07302856445312,26.67987687832175,10.031251740012156,False,True
2026-01-27,72.57913208007812,145.92724609375,26.760633242777246,10.073185354908976,False,True
2026-01-28,72.09559631347656,145.65261840820312,26.363325570159148,9.866879052595172,False,True
2026-01-29,72.4607162475586,145.83897399902344,26.669933241110833,10.02608839893944,False,True
2026-01-30,73.82250213623047,150.6842498779297,26.510390706429583,9.943244213789512,False,True
2026-02-02,74.33563995361328,152.22413635253906,26.540032202630968,9.9586358809981,False,True
2026-02-03,75.87504577636719,159.7274627685547,25.723530120104222,9.534658351524282,False,True
2026-02-04,76.32897186279297,162.99359130859375,25.151951301036796,9.237859873242591,False,True
2026-02-05,77.47366333007812,164.31771850585938,25.88089093257925,9.616369653842938,False,True
2026-02-06,77.98680114746094,167.22096252441406,25.48246297832344,9.409481633182988,False,True
2026-02-09,76.94078826904297,163.27804565429688,25.67445422089721,9.509175160546857,False,True
2026-02-10,75.79609680175781,163.76846313476562,24.375780592225865,8.834824845391548,False,True
2026-02-11,77.56246948242188,165.9066619873047,25.470797756620954,9.403424340759582,False,True
2026-02-12,77.95719146728516,163.99404907226562,26.466045379908365,9.920217423797755,False,True
2026-02-13,77.64141845703125,162.75820922851562,26.538303583562048,9.957738276867104,False,True
2026-02-17,78.50979614257812,158.81529235839844,28.644685390100662,11.05149979147486,False,True
2026-02-18,78.44071960449219,161.2379150390625,27.81494943132016,10.620650428751006,False,True
2026-02-19,77.86837768554688,161.43409729003906,27.18100985683838,10.291470454350067,False,True
2026-02-20,78.78610229492188,161.7773895263672,27.990946953243046,10.712039043838754,False,True
2026-02-23,79.49659729003906,165.0925750732422,27.660534035746416,10.540468565986519,False,True
2026-02-24,79.65449523925781,166.28916931152344,27.442723176754065,10.427367923790518,False,True
2026-02-25,79.40779113769531,165.92626953125,27.30996300002814,10.358430767419064,False,True
2026-02-26,79.43739318847656,164.36676025390625,27.829222574839065,10.628061912758794,False,True
2026-02-27,80.48339080810547,166.4853515625,28.210021090065247,10.825795656698885,False,True
2026-03-02,79.16108703613281,164.072509765625,27.645305719327027,10.532561098128559,False,True
2026-03-03,78.2927017211914,161.7479705810547,27.50678339280295,10.46063188320862,False,True
2026-03-04,77.06907653808594,160.7769317626953,26.588046722027727,9.983567939039782,False,True
2026-03-05,76.01319122314453,157.61866760253906,26.523798860842163,9.950206542856765,False,True
2026-03-06,76.02306365966797,157.77008056640625,26.486130383008565,9.930646778696085,False,True
2026-03-09,76.77303314208984,159.8482208251953,26.58360165430198,9.981259789589783,False,True
2026-03-10,76.85197448730469,159.1060333251953,26.895576363854843,10.143256028723934,False,True
2026-03-11,76.60527801513672,158.4825897216797,26.844629834123616,10.116801492632776,False,True
2026-03-12,76.58554077148438,157.20602416992188,27.22571093532907,10.314681972396228,False,True
2026-03-13,76.8438720703125,158.2154083251953,27.167113984068287,10.28425487225539,False,True
2026-03-16,77.32079315185547,156.07789611816406,28.315174987690355,10.880397954333779,False,True
2026-03-17,77.08233642578125,154.87059020996094,28.455790339189186,10.953413995089086,False,True
2026-03-18,75.48265838623047,151.94140625,27.77582274067207,10.600333471828952,False,True
2026-03-19,75.06536102294922,151.14974975585938,27.60709110536338,10.512717746880803,False,True
2026-03-20,74.2704849243164,148.47784423828125,27.65114470031145,10.53559305210075,False,True
2026-03-23,74.62818145751953,149.30911254882812,27.747838116277585,10.585802153210254,False,True
2026-03-24,74.19100189208984,149.02212524414062,27.400767340248997,10.405581902310477,False,True
2026-03-25,74.76728057861328,150.15025329589844,27.622834354782242,10.520892599263105,False,True
2026-03-26,74.21087646484375,149.25962829589844,27.346070278218342,10.377179861794586,False,True
2026-03-27,75.22432708740234,151.4466094970703,27.672848615063295,10.546863044368157,False,True
2026-03-30,75.78073120117188,155.18727111816406,27.054753074212393,10.225910255640683,False,True
2026-03-31,75.56214904785156,153.67318725585938,27.311565691516442,10.359262982293048,False,True
2026-04-01,75.59195709228516,153.0398406982422,27.540233025702882,10.478000966548656,False,True
2026-04-02,76.22785186767578,155.37527465820312,27.442844051530265,10.427430689324233,False,True
2026-04-06,76.72463989257812,155.0981903076172,28.026631518517604,10.730568639964993,False,True
2026-04-07,75.42304992675781,151.61485290527344,27.818746086918942,10.622621883197336,False,True
2026-04-08,76.79419708251953,153.18829345703125,28.695861552087656,11.078073566596233,False,True
2026-04-09,77.67848205566406,155.8502960205078,28.744326178967412,11.103239347812321,False,True
2026-04-10,76.97303771972656,155.4247589111328,28.17249274896451,10.806308660051057,False,True
2026-04-13,75.91984558105469,154.25704956054688,27.48594008958326,10.449808772779054,False,True
2026-04-14,75.4131088256836,154.0987091064453,27.028919354395875,10.21249581746677,False,True
2026-04-15,74.82688903808594,153.23777770996094,26.713016353037524,10.048459770363497,False,True
2026-04-16,74.6977310180664,156.73101806640625,25.487044451480237,9.411860612627056,False,True
2026-04-17,75.25413513183594,156.02841186523438,26.264054122287362,9.815331280560445,False,True
2026-04-20,74.99580383300781,155.35549926757812,26.217005129530513,9.790900582660017,False,True
2026-04-21,74.2208023071289,153.30703735351562,26.085183354795745,9.722450701662844,False,True
2026-04-22,74.15125274658203,152.1887969970703,26.366740909904955,9.868652504664345,False,True
2026-04-23,75.7906723022461,154.07891845703125,27.412696734608588,10.411776369240734,False,True
2026-04-24,76.138427734375,153.82162475585938,27.841237705172276,10.634300899019815,False,True
2026-04-27,74.95606231689453,152.49559020996094,27.075222996184145,10.2365394838225,False,True
2026-04-28,77.8473892211914,154.6627655029297,29.28609630939959,11.384559342407458,False,True
2026-04-29,78.36405944824219,153.67318725585938,30.113476091907067,11.814185235140702,False,True
2026-04-30,78.25476837158203,156.83987426757812,29.009902939428684,11.24114295050441,False,True
2026-05-01,78.07592010498047,155.7711181640625,29.166624633866675,11.322522383876024,False,True
2026-05-04,77.68842315673828,152.98046875,29.655340801106647,11.576293534782462,False,True
2026-05-05,77.9765625,153.42578125,29.803660125765553,11.653309946850277,False,True
2026-05-06,78.72174835205078,154.33621215820312,30.262987245978493,11.891820517509876,False,True
2026-05-07,77.9268798828125,154.6627655029297,29.365586971020683,11.42583572743033,False,True
2026-05-08,77.91693878173828,153.01016235351562,29.87453317514033,11.690111543592327,False,True
2026-05-11,78.15541076660156,147.8544158935547,31.731815694051342,12.654525561332456,False,True
2026-05-12,79.51661682128906,150.26901245117188,32.33488238457474,12.96767445712561,False,True
2026-05-13,79.7451400756836,147.7158660888672,33.36504711966687,13.502598627782707,False,True
2026-05-14,79.93392181396484,147.1221160888672,33.74025554941854,13.697429659433693,False,True
2026-05-15,80.30155181884766,147.5674285888672,33.968065535698535,13.815722456524377,False,True
2026-05-18,80.67910766601562,147.508056640625,34.36426309381715,14.021452319888427,False,True
2026-05-19,81.39449310302734,148.80441284179688,34.67261628232085,14.181568045083642,False,True
2026-05-20,81.02687072753906,147.73565673828125,34.640563867872125,14.16492448252274,False,True
2026-05-21,80.64929962158203,147.3002471923828,34.3997034332018,14.039855099082226,False,True
2026-05-22,80.95732116699219,149.00233459472656,34.17330051880156,13.922292939269926,False,True
2026-05-26,79.94385528564453,144.16323852539062,34.679222713098206,14.184998505653876,False,True
2026-05-27,81.09642028808594,146.20179748535156,35.19171731171158,14.451116864000692,False,True
2026-05-28,79.89418029785156,144.7668914794922,34.440011686518716,14.060785595188035,False,True
2026-05-29,78.50315856933594,142.6887664794922,33.701483378149554,13.677296790530175,False,True
2026-06-01,78.13553619384766,140.0465545654297,34.163467445275835,13.917187009585495,False,True
2026-06-02,77.90701293945312,140.5215606689453,33.785800921312166,13.721079585952763,False,True
2026-06-03,78.25476837158203,141.05592346191406,33.96577616390329,13.814533675480744,False,True
2026-06-04,76.32720947265625,140.6699981689453,32.15939078164769,12.876548545943413,False,True
2026-06-05,78.97014617919922,141.9199981689453,34.409850242989776,14.045123939711063,False,True
2026-06-08,79.0297622680664,140.67999267578125,34.85880548384976,14.278248799938106,False,True
2026-06-09,80.81820678710938,142.77999877929688,35.987886314562445,14.864536222133545,False,True
2026-06-10,83.05377197265625,144.32000732421875,37.73991685107192,15.774297010658714,False,True
2026-06-11,82.00057983398438,143.72999572753906,36.871977613281175,15.323610182484146,False,True
2026-06-12,82.09000396728516,144.27000427246094,36.79184889370526,15.282002478973377,False,True
2026-06-15,80.91000366210938,146.25,34.99016597360624,14.346459153725661,False,True
2026-06-16,80.27999877929688,146.1199951171875,34.40098025740887,14.04051810384911,False,True
2026-06-17,79.93000030517578,141.58999633789062,35.47331893661721,14.597341550720206,False,True
2026-06-18,79.38999938964844,142.02000427246094,34.79830335743012,14.246832417008712,False,True
2026-06-22,79.52999877929688,140.7100067138672,35.349618133491965,14.533108571986498,False,True
2026-06-23,80.30999755859375,142.0500030517578,35.70888245576918,14.719660453539339,False,True
2026-06-24,80.5999984741211,142.27000427246094,35.9298069928626,14.834377906735728,False,True
2026-06-25,80.41999816894531,139.52000427246094,36.61325662712876,15.189266514685434,False,True
2026-06-26,82.62999725341797,141.38999938964844,38.23611128589514,16.03195133281792,False,True
2026-06-29,82.6500015258789,138.67999267578125,39.107008333983664,16.484174035951707,False,True
2026-06-30,81.2699966430664,135.39999389648438,38.75686335929972,16.302357474180344,False,True
2026-07-01,81.29000091552734,141.16000366210938,36.968329419646516,15.373641899117004,False,True
2026-07-02,84.13999938964844,144.22000122070312,38.85754436407297,16.35463717386783,False,True
2026-07-06,82.95999908447266,143.2899932861328,37.96954962063729,15.893536307667324,False,True
2026-07-07,84.05000305175781,144.97999572753906,38.52892358585373,16.18399728370124,False,True
2026-07-08,83.4000015258789,142.50999450683594,38.65445747977033,16.249182114636735,False,True
2026-07-09,82.62999725341797,137.86000061035156,39.34446664306387,16.607476828916177,False,True
2026-07-10,83.48999786376953,137.3800048828125,40.35517717409761,17.13229919389382,False,True
2026-07-13,84.25,138.49000549316406,40.76665932495042,17.345965747200413,False,True
2026-07-14,83.08000183105469,135.4499969482422,40.55116849928357,17.23406980737896,False,True
2026-07-15,82.44999694824219,135.39999389648438,39.9368636644755,16.915085383726602,False,True
2026-07-16,84.91999816894531,139.42999267578125,41.14151862992954,17.540615492040615,False,True
2026-07-17,81.55999755859375,137.1199951171875,38.50681520215209,16.17251726656096,False,True
2026-07-20,82.12000274658203,135.4600067138672,39.58802653062082,16.73394793243836,False,True
2026-07-21,81.97000122070312,135.0,39.58245873900792,16.7310567964778,False,True
2026-07-22,82.19999694824219,135.64999389648438,39.60836821543533,16.744510572090547,False,True
2026-07-23,81.16999816894531,134.9499969482422,38.79815573525455,16.323798986600316,False,True
2026-07-24,82.25,136.63999938964844,39.34752756424052,16.60906624531347,False,True
2026-07-27,84.06999969482422,139.7899932861328,40.17848651755131,17.040550661162857,False,True
2026-07-28,88.2699966430664,142.86000061035156,43.41455705190878,18.72091525510736,False,True
2026-07-29,89.08000183105469,143.5,44.02361408199349,19.03717469944934,False,True
2026-07-30,88.48999786376953,140.1999969482422,44.469751000235064,19.268836115201978,False,True
2026-07-31,87.58999633789062,139.55999755859375,43.770697632259726,18.905845099909833,False,True
2026-08-03,86.86000061035156,139.6300048828125,43.01872087931805,18.5153730450838,False,True
2026-08-04,86.55999755859375,139.10000610351562,42.885127796246856,18.446003393092173,False,True
2026-08-05,86.83000183105469,138.77999877929688,43.25560854315058,18.638379524337022,False,True
2026-08-06,86.8499984741211,138.44000244140625,43.382357847075944,18.704195470053293,False,True
2026-08-07,87.05000305175781,139.02000427246094,43.400252408021615,18.71348741419296,False,True
2026-08-10,86.87000274658203,137.72999572753906,43.62529130284306,18.83034129209938,False,True
2026-08-11,86.4800033569336,138.41000366210938,43.02178180049471,18.516962461481093,False,True
2026-08-12,86.70999908447266,138.6999969482422,43.160724915179244,18.589110175200386,False,True
2026-08-13,87.41999816894531,140.6199951171875,43.26787952594118,18.644751364751286,False,True
2026-08-14,87.70999908447266,140.7899932861328,43.50450411103905,18.767621237528704,False,True
2026-08-17,86.9800033569336,138.24000549316406,43.57515813092419,18.80430910084143,False,True
2026-08-18,88.81999969482422,140.1300048828125,44.82172906571036,19.451604529175132,False,True
2026-08-19,90.3499984741211,142.5800018310547,45.58247340260991,19.846629246713807,False,True
2026-08-20,90.5,142.0800018310547,45.889465826569165,20.0060383802149,False,True
2026-08-21,91.0999984741211,143.47999572753906,46.04989170245807,20.089341249832287,False,True
2026-08-24,91.98999786376953,144.6699981689453,46.56625198811815,20.35746690795072,False,True
2026-08-25,91.63999938964844,142.27000427246094,46.969807908389946,20.567017680377276,False,True
2026-08-26,90.08000183105469,142.19000244140625,45.43492946840689,19.770015464519084,False,True
2026-08-27,89.05999755859375,139.72000122070312,45.19046061574146,19.643072371042045,False,True
2026-08-28,89.66000366210938,141.07000732421875,45.36658937804733,19.73452913411684,False,True
2026-08-31,88.66999816894531,140.33999633789062,44.60579404558762,19.339477936582494,False,True
2026-09-01,88.4800033569336,139.72999572753906,44.607328320873215,19.340274625603918,False,True
